順位(全市場),順位,コード,銘柄名,市場,現在値,前日比,騰落率(%),出来高,時刻
1,1,7063,(株)Ｂｉｒｄｍａｎ,東証GRT,118,+28,31.11,"4,624,800",2026/07/28
2,2,2767,円谷フィールズホールディングス(株),東証PRM,"1,930",+400,26.14,"318,900",2026/07/28
3,3,8995,(株)誠建設工業,東証STD,"1,093",+150,15.91,"39,000",2026/07/28
4,4,3054,(株)ハイパー,東証STD,276,+31,12.65,"2,718,400",2026/07/28
5,5,3260,(株)エスポア,名証NXT,832,+90,12.13,"128,200",2026/07/28
6,6,9441,(株)ベルパーク,東証STD,"2,827",+292,11.52,"75,000",2026/07/28
7,7,7069,(株)サイバー・バズ,東証GRT,674,+66,10.86,"17,900",2026/07/28
8,8,9337,(株)トリドリ,東証GRT,"1,666",+159,10.55,"72,000",2026/07/28
9,9,1366,iFreeETF 日経平均ダブルインバース・インデックス,東証ETF,79,+6,8.22,"5,094,326",2026/07/28
10,10,1357,(NEXT FUNDS) 日経ダブルインバース上場投信,東証ETF,"3,141",+236,8.12,"12,218,402",2026/07/28
11,11,4370,モビルス(株),東証GRT,325,+24,7.97,"4,300",2026/07/28
12,12,1360,日経平均ベア2倍上場投信,東証ETF,76.9,+5.6,7.85,"183,076,480",2026/07/28
13,13,1459,楽天 ETF-日経ダブルインバース指数連動型,東証ETF,126,+9,7.69,"15,774,395",2026/07/28
14,14,3697,(株)ＳＨＩＦＴ,東証PRM,950,+67.8,7.69,"19,244,100",2026/07/28
15,15,3778,さくらインターネット(株),東証PRM,"3,100",+200,6.9,"6,262,300",2026/07/28
16,16,2034,NEXT NOTES 韓国KOSPI･ベアETN,東証ETF,"2,113",+135,6.83,"117,020",2026/07/28
17,17,6702,富士通(株),東証PRM,"3,700",+218,6.26,"18,062,000",2026/07/28
18,18,7837,(株)アールシーコア,東証STD,347,+19,5.79,"3,500",2026/07/28
19,19,184A,(株)学びエイド,東証GRT,352,+19,5.71,"163,000",2026/07/28
20,20,3976,(株)シャノン,東証GRT,595,+32,5.68,"43,500",2026/07/28
21,21,7886,ヤマト　モビリティ　＆　Ｍｆｇ．(株),東証STD,750,+40,5.63,"7,200",2026/07/28
22,22,7602,(株)レダックス,東証STD,171,+9,5.56,"153,000",2026/07/28
23,23,2870,iFreeETF NASDAQ100ダブルインバース,東証ETF,"8,652",+454,5.54,"44,288",2026/07/28
24,24,1356,TOPIXベア2倍上場投信,東証ETF,113.4,+5.9,5.49,"4,430,360",2026/07/28
25,25,7363,(株)ベビーカレンダー,東証GRT,"1,246",+64,5.41,"6,900",2026/07/28
26,26,3997,(株)トレードワークス,東証STD,383,+19,5.22,"419,200",2026/07/28
27,27,2673,夢みつけ隊(株),東証STD,101,+5,5.21,"3,019,300",2026/07/28
28,28,464A,(株)ＱＰＳホールディングス,東証GRT,"1,517",+74,5.13,"2,723,400",2026/07/28
29,29,4434,(株)サーバーワークス,東証STD,"2,176",+106,5.12,"184,100",2026/07/28
30,30,1368,iFreeETF TOPIXダブルインバース(-2倍)指数,東証ETF,165,+8,5.1,"91,769",2026/07/28
31,31,5619,マーソ(株),東証GRT,877,+42,5.03,"5,700",2026/07/28
32,32,7031,(株)インバウンドテック,東証GRT,751,+36,5.03,"3,300",2026/07/28
33,33,377A,(株)エージェントＩＧホールディングス,名証MN,"1,180",+56,4.98,"1,100",2026/07/28
34,34,8147,(株)トミタ,東証STD,"1,455",+69,4.98,"6,900",2026/07/28
35,35,3549,(株)クスリのアオキホールディングス,東証STD,"3,955",+185,4.91,"511,800",2026/07/28
36,36,6248,(株)横田製作所,東証STD,"1,839",+86,4.91,"2,100",2026/07/28
37,37,1469,JPX日経400ベア2倍上場投信ダブルインバース,東証ETF,197.6,+9.1,4.83,"17,620",2026/07/28
38,38,586A,(NEXT FUNDS) 日経エンタメ・コンテンツ株指数,東証ETF,234,+10.7,4.79,"824,540",2026/07/28
39,39,318A,VIX短期先物指数ETF,東証ETF,463.1,+21.1,4.77,"1,496,930",2026/07/28
40,40,7133,ＨＹＵＧＡ　ＰＲＩＭＡＲＹ　ＣＡＲＥ(株),東証GRT,"1,246",+56,4.71,"1,700",2026/07/28
41,41,9170,成友興業(株),名証MN,"1,830",+80,4.57,400,2026/07/28
42,42,5287,(株)イトーヨーギョー,東証STD,874,+38,4.55,"14,400",2026/07/28
43,43,1571,(NEXT FUNDS)日経平均インバース上場投信,東証ETF,315,+13,4.3,"1,796,512",2026/07/28
44,44,3851,(株)日本一ソフトウェア,東証STD,970,+40,4.3,"451,400",2026/07/28
45,45,7939,(株)研創,東証STD,615,+25,4.24,"4,100",2026/07/28
46,46,9843,(株)ニトリホールディングス,東証PRM,"2,620.5",+104.5,4.15,"3,361,100",2026/07/28
47,47,1456,iFreeETF 日経平均インバース・インデックス,東証ETF,"1,342",+53,4.11,"216,907",2026/07/28
48,48,2212,山崎製パン(株),東証PRM,"3,528",+139,4.1,"767,600",2026/07/28
49,49,6025,日本ＰＣサービス(株),名証NXT,780,+30,4.0,"1,300",2026/07/28
50,50,9342,(株)スマサポ,東証GRT,884,+34,4.0,"1,500",2026/07/28
51,51,1580,日経平均ベア上場投信,東証ETF,836.9,+31.9,3.96,"664,930",2026/07/28
52,52,8084,(株)ＲＹＯＤＥＮ,東証PRM,"4,080",+155,3.95,"171,500",2026/07/28
53,53,4612,日本ペイントホールディングス(株),東証PRM,"1,208",+45.5,3.91,"7,542,100",2026/07/28
54,54,2871,(株)ニチレイ,東証PRM,"2,280.5",+85,3.87,"1,921,200",2026/07/28
55,55,9258,(株)ＣＳ－Ｃ,東証GRT,324,+12,3.85,"4,200",2026/07/28
56,56,3038,(株)神戸物産,東証PRM,"2,793",+103,3.83,"2,406,700",2026/07/28
57,57,4762,(株)エックスネット,東証STD,"1,993",+73,3.8,"4,400",2026/07/28
58,58,9244,(株)デジタリフト,東証GRT,"1,229",+45,3.8,"4,500",2026/07/28
59,59,4443,Ｓａｎｓａｎ(株),東証PRM,"1,971",+71,3.74,"1,985,800",2026/07/28
60,60,4490,(株)ビザスク,東証GRT,669,+24,3.72,"25,100",2026/07/28
61,61,2976,日本グランデ(株),札幌ア,710,+25,3.65,"1,400",2026/07/28
62,62,7114,(株)フーディソン,東証GRT,796,+28,3.65,"6,100",2026/07/28
63,63,5867,(株)エスネットワークス,東証GRT,"1,226",+43,3.63,"3,700",2026/07/28
64,64,4431,(株)スマレジ,東証GRT,"3,160",+110,3.61,"139,500",2026/07/28
65,65,8136,(株)サンリオ,東証PRM,"1,290.5",+45,3.61,"35,795,100",2026/07/28
66,66,9237,(株)笑美面,東証GRT,834,+29,3.6,"6,500",2026/07/28
67,67,4597,ソレイジア・ファーマ(株),東証GRT,29,+1,3.57,"107,639,500",2026/07/28
68,68,3349,(株)コスモス薬品,東証PRM,"6,612",+227,3.56,"514,700",2026/07/28
69,69,2627,GX eコマース-日本株式,東証ETF,"1,597",+54,3.5,321,2026/07/28
70,70,4307,(株)野村総合研究所,東証PRM,"5,378",+182,3.5,"3,545,900",2026/07/28
71,71,1490,上場MSCI日本株高配当低ボラティリティ(βH),東証ETF,"8,000",+270,3.49,4,2026/07/28
72,72,7477,ムラキ(株),東証STD,"1,718",+58,3.49,"1,200",2026/07/28
73,73,5592,(株)くすりの窓口,東証GRT,"2,407",+81,3.48,"119,400",2026/07/28
74,74,9602,東宝(株),東証PRM,"1,534",+51.5,3.47,"6,731,500",2026/07/28
75,75,1466,iFreeETF JPX日経400ダブルインバース・インデックス,東証ETF,210,+7,3.45,"1,147",2026/07/28
76,76,2809,キユーピー(株),東証PRM,"4,678",+155,3.43,"429,800",2026/07/28
77,77,9956,(株)バローホールディングス,東証PRM,"3,345",+110,3.4,"545,200",2026/07/28
78,78,9766,コナミグループ(株),東証PRM,"20,140",+660,3.39,"747,100",2026/07/28
79,79,581A,ＧＯ(株),東証GRT,"3,045",+99,3.36,"3,358,000",2026/07/28
80,80,3088,(株)マツキヨココカラ＆カンパニー,東証PRM,"2,589.5",+84,3.35,"1,730,400",2026/07/28
81,81,3382,(株)セブン＆アイ・ホールディングス,東証PRM,"2,205.5",+71,3.33,"11,441,200",2026/07/28
82,82,7532,(株)パン・パシフィック・インターナショナルホールディングス,東証PRM,923.8,+29.8,3.33,"11,826,600",2026/07/28
83,83,9983,(株)ファーストリテイリング,東証PRM,"79,950","+2,580",3.33,"1,589,300",2026/07/28
84,84,8173,(株)Ｊｏｓｈｉｎ,東証PRM,"4,040",+130,3.32,"227,200",2026/07/28
85,85,7689,(株)コパ・コーポレーション,東証GRT,315,+10,3.28,"3,900",2026/07/28
86,86,6460,セガサミーホールディングス(株),東証PRM,"2,750",+86,3.23,"1,496,800",2026/07/28
87,87,2791,大黒天物産(株),東証PRM,"4,650",+145,3.22,"65,900",2026/07/28
88,88,4432,ウイングアーク１ｓｔ(株),東証PRM,"3,055",+95,3.21,"299,700",2026/07/28
89,89,7552,(株)ハピネット,東証PRM,"3,235",+100,3.19,"211,200",2026/07/28
90,90,5029,サークレイス(株),東証GRT,810,+25,3.18,"9,100",2026/07/28
91,91,248A,(株)キッズスター,東証GRT,845,+26,3.17,"1,900",2026/07/28
92,92,7085,(株)カーブスホールディングス,東証PRM,977,+30,3.17,"676,800",2026/07/28
93,93,446A,(株)ノースサンド,東証GRT,"1,574",+48,3.15,"615,400",2026/07/28
94,94,3762,テクマトリックス(株),東証PRM,"2,030",+61,3.1,"293,800",2026/07/28
95,95,5587,(株)インバウンドプラットフォーム,東証GRT,940,+28,3.07,"24,300",2026/07/28
96,96,7974,任天堂(株),東証PRM,"7,659",+228,3.07,"14,524,300",2026/07/28
97,97,8267,イオン(株),東証PRM,"1,420",+42,3.05,"11,313,100",2026/07/28
98,98,6417,(株)ＳＡＮＫＹＯ,東証PRM,"1,845.5",+54,3.01,"1,142,200",2026/07/28
99,99,6549,ディーエムソリューションズ(株),東証STD,"1,163",+34,3.01,"3,600",2026/07/28
100,100,3974,ＳＣＡＴ(株),東証STD,658,+19,2.97,"16,300",2026/07/28
101,101,9948,(株)アークス,東証PRM,"3,660",+105,2.95,"109,800",2026/07/28
102,102,3967,(株)エルテス,東証GRT,596,+17,2.94,"30,300",2026/07/28
103,103,1690,WisdomTree WTI原油上場投信,東証ETF,"2,337.5",+66.5,2.93,"1,940",2026/07/28
104,104,3397,(株)トリドールホールディングス,東証PRM,"4,307",+122,2.92,"491,000",2026/07/28
105,105,4751,(株)サイバーエージェント,東証PRM,"1,515.5",+43,2.92,"6,571,600",2026/07/28
106,106,2923,サトウ食品(株),東証STD,"8,850",+250,2.91,"3,500",2026/07/28
107,107,3923,(株)ラクス,東証PRM,"1,060",+30,2.91,"2,911,000",2026/07/28
108,108,4290,(株)プレステージ・インターナショナル,東証PRM,686,+19,2.85,"648,400",2026/07/28
109,109,9900,(株)サガミホールディングス,東証PRM,"2,055",+57,2.85,"164,400",2026/07/28
110,110,269A,(株)Ｓａｐｅｅｔ,東証GRT,"2,509",+69,2.83,"5,000",2026/07/28
111,111,5449,大阪製鐵(株),東証STD,"2,785",+76,2.81,"36,200",2026/07/28
112,112,2502,アサヒグループホールディングス(株),東証PRM,"1,720.5",+46.5,2.78,"10,095,100",2026/07/28
113,113,3583,オーベクス(株),東証STD,"1,360",+36,2.72,"4,800",2026/07/28
114,114,244A,グロースエクスパートナーズ(株),東証GRT,"1,180",+31,2.7,"3,100",2026/07/28
115,115,2926,(株)篠崎屋,東証STD,115,+3,2.68,"147,600",2026/07/28
116,116,5401,日本製鉄(株),東証PRM,654,+17.1,2.68,"89,226,600",2026/07/28
117,117,3091,(株)ブロンコビリー,東証PRM,"2,712",+70,2.65,"241,200",2026/07/28
118,118,9861,(株)吉野家ホールディングス,東証PRM,"3,805",+98,2.64,"565,600",2026/07/28
119,119,2842,iFreeETF NASDAQ100インバース,東証ETF,"12,940",+330,2.62,"9,789",2026/07/28
120,120,8278,(株)フジ,東証PRM,"2,052",+52,2.6,"157,900",2026/07/28
121,121,4661,(株)オリエンタルランド,東証PRM,"2,904",+72.5,2.56,"8,157,800",2026/07/28
122,122,5126,ポーターズ(株),東証GRT,"1,609",+40,2.55,"1,300",2026/07/28
123,123,7803,(株)ブシロード,東証GRT,404,+10,2.54,"1,563,500",2026/07/28
124,124,1457,iFreeETF TOPIXインバース(-1倍)指数,東証ETF,"1,824",+45,2.53,"154,689",2026/07/28
125,125,1472,(NEXT FUNDS)JPX日経400ダブルインバース,東証ETF,81,+2,2.53,"16,664",2026/07/28
126,126,1569,TOPIXベア上場投信,東証ETF,761.7,+18.8,2.53,"75,590",2026/07/28
127,127,8254,(株)さいか屋,東証STD,284,+7,2.53,"75,600",2026/07/28
128,128,7611,(株)ハイデイ日高,東証PRM,"2,884",+71,2.52,"177,200",2026/07/28
129,129,3775,(株)ガイアックス,名証NXT,451,+11,2.5,"6,900",2026/07/28
130,130,7867,(株)タカラトミー,東証PRM,"3,627",+88,2.49,"751,500",2026/07/28
131,131,9064,ヤマトホールディングス(株),東証PRM,"2,119",+51.5,2.49,"1,716,700",2026/07/28
132,132,9746,(株)ＴＫＣ,東証PRM,"3,910",+95,2.49,"160,600",2026/07/28
133,133,2249,iFreeETF S&P500ダブルインバース,東証ETF,"10,130",+245,2.48,"3,018",2026/07/28
134,134,3844,コムチュア(株),東証PRM,"1,416",+34,2.46,"272,200",2026/07/28
135,135,6758,ソニーグループ(株),東証PRM,"3,662",+88,2.46,"21,933,500",2026/07/28
136,136,2897,日清食品ホールディングス(株),東証PRM,"3,032",+72.5,2.45,"1,660,800",2026/07/28
137,137,417A,(株)ブルーゾーンホールディングス,東証PRM,"1,816",+43.5,2.45,"309,300",2026/07/28
138,138,8167,(株)リテールパートナーズ,東証PRM,"1,382",+33,2.45,"87,400",2026/07/28
139,139,4765,ＳＢＩグローバルアセットマネジメント(株),東証PRM,588,+14,2.44,"1,466,000",2026/07/28
140,140,1934,(株)ユアテック,東証PRM,"2,442",+58,2.43,"518,900",2026/07/28
141,141,2501,サッポロビール(株),東証PRM,"2,108",+50,2.43,"1,366,500",2026/07/28
142,142,3626,ＴＩＳＩ(株),東証PRM,"3,754",+89,2.43,"1,048,700",2026/07/28
143,143,2726,(株)パルグループホールディングス,東証PRM,"1,479",+35,2.42,"1,264,300",2026/07/28
144,144,5423,東京製鐵(株),東証PRM,"1,784",+42,2.41,"528,400",2026/07/28
145,145,2875,東洋水産(株),東証PRM,"11,205",+260,2.38,"485,500",2026/07/28
146,146,4568,第一三共(株),東証PRM,"2,889.5",+67,2.37,"6,996,900",2026/07/28
147,147,1630,(NEXT FUNDS)小売上場投信,東証ETF,"39,040",+900,2.36,"1,008",2026/07/28
148,148,2659,(株)サンエー,東証PRM,"3,265",+75,2.35,"149,500",2026/07/28
149,149,466A,GX 防衛テック,東証ETF,"1,094",+25,2.34,"46,751",2026/07/28
150,150,6199,(株)セラク,東証STD,"1,310",+30,2.34,"52,200",2026/07/28
151,151,2702,日本マクドナルドホールディングス(株),東証STD,"7,910",+180,2.33,"554,300",2026/07/28
152,152,3197,(株)すかいらーくホールディングス,東証PRM,"3,160",+72,2.33,"1,535,400",2026/07/28
153,153,7832,(株)バンダイナムコホールディングス,東証PRM,"4,522",+103,2.33,"3,029,400",2026/07/28
154,154,3384,(株)アークコア,名証NXT,754,+17,2.31,"4,700",2026/07/28
155,155,3133,(株)海帆,東証GRT,89,+2,2.3,"1,078,600",2026/07/28
156,156,4479,(株)マクアケ,東証GRT,"1,024",+23,2.3,"410,300",2026/07/28
157,157,5575,(株)Ｇｌｏｂｅｅ,東証GRT,"1,022",+23,2.3,"53,100",2026/07/28
158,158,3625,テックファームホールディングス(株),東証GRT,585,+13,2.27,"633,100",2026/07/28
159,159,3191,(株)ジョイフル本田,東証PRM,"2,452",+54,2.25,"245,700",2026/07/28
160,160,3055,(株)ほくやく・竹山ホールディングス,札証,959,+21,2.24,"3,300",2026/07/28
161,161,5842,インテグラル(株),東証GRT,"2,830",+62,2.24,"130,000",2026/07/28
162,162,3148,(株)クリエイトＳＤホールディングス,東証PRM,"3,440",+75,2.23,"87,100",2026/07/28
163,163,3190,(株)ホットマン,東証STD,595,+13,2.23,"7,700",2026/07/28
164,164,9564,(株)ＦＣＥ,東証STD,550,+12,2.23,"25,000",2026/07/28
165,165,4689,ＬＩＮＥヤフー(株),東証PRM,451,+9.8,2.22,"13,190,100",2026/07/28
166,166,7581,(株)サイゼリヤ,東証PRM,"7,830",+170,2.22,"971,500",2026/07/28
167,167,4519,中外製薬(株),東証PRM,"6,999",+151,2.21,"4,135,500",2026/07/28
168,168,6797,名古屋電機工業(株),東証STD,"1,201",+26,2.21,"15,500",2026/07/28
169,169,7227,アスカ(株),名証MN,"1,850",+40,2.21,"1,300",2026/07/28
170,170,497A,インバウンド消費関連 日本株(ネットリターン)ETN,東証ETF,"10,670",+230,2.2,"3,311",2026/07/28
171,171,2801,キッコーマン(株),東証PRM,"1,672",+35.5,2.17,"4,082,400",2026/07/28
172,172,1563,東証グロース･コア,東証ETF,"2,174",+46,2.16,"24,042",2026/07/28
173,173,504A,イノバセル(株),東証GRT,473,+10,2.16,"52,400",2026/07/28
174,174,9267,Ｇｅｎｋｙ　ＤｒｕｇＳｔｏｒｅｓ(株),東証PRM,"4,015",+85,2.16,"147,300",2026/07/28
175,175,3484,(株)イノベーションホールディングス,東証STD,"1,095",+23,2.15,"5,100",2026/07/28
176,176,4687,ＴＤＣソフト(株),東証PRM,"1,093",+23,2.15,"145,700",2026/07/28
177,177,5974,中国工業(株),東証STD,858,+18,2.14,"2,400",2026/07/28
178,178,5958,三洋工業(株),東証STD,"4,785",+100,2.13,"63,500",2026/07/28
179,179,2836,GX フィンテック-日本株式,東証ETF,"3,179",+66,2.12,207,2026/07/28
180,180,3151,(株)バイタルケーエスケー・ホールディングス,東証PRM,"1,689",+35,2.12,"86,800",2026/07/28
181,181,2270,雪印メグミルク(株),東証PRM,"3,875",+80,2.11,"180,700",2026/07/28
182,182,1878,大東建託(株),東証PRM,"3,400",+70,2.1,"1,744,100",2026/07/28
183,183,2229,カルビー(株),東証PRM,"3,061",+63,2.1,"327,300",2026/07/28
184,184,4912,ライオン(株),東証PRM,"1,724.5",+35.5,2.1,"952,000",2026/07/28
185,185,4755,楽天グループ(株),東証PRM,832,+17,2.09,"12,941,600",2026/07/28
186,186,8153,(株)モスフードサービス,東証PRM,"3,910",+80,2.09,"79,400",2026/07/28
187,187,7551,(株)ウェッズ,東証STD,743,+15,2.06,"98,000",2026/07/28
188,188,4345,(株)シーティーエス,東証PRM,894,+18,2.05,"111,900",2026/07/28
189,189,8227,(株)しまむら,東証PRM,"3,438",+69,2.05,"879,800",2026/07/28
190,190,3075,(株)銚子丸,東証STD,"1,747",+35,2.04,"16,100",2026/07/28
191,191,8057,(株)内田洋行,東証PRM,"2,208",+44,2.03,"235,200",2026/07/28
192,192,3093,(株)トレジャー・ファクトリー,東証PRM,"2,118",+42,2.02,"172,600",2026/07/28
193,193,3678,(株)メディアドゥ,東証PRM,"1,315",+26,2.02,"74,600",2026/07/28
194,194,2436,共同ピーアール(株),東証STD,610,+12,2.01,"9,400",2026/07/28
195,195,4613,関西ペイント(株),東証PRM,"2,794",+55,2.01,"1,521,000",2026/07/28
196,196,4385,(株)メルカリ,東証PRM,"4,542",+89,2.0,"1,693,700",2026/07/28
197,197,7949,小松ウオール工業(株),東証PRM,"2,753",+54,2.0,"120,000",2026/07/28
198,198,9627,(株)アインホールディングス,東証PRM,"6,013",+118,2.0,"219,000",2026/07/28
199,199,9684,(株)スクウェア・エニックス・ホールディングス,東証PRM,"2,701",+52,1.96,"1,643,500",2026/07/28
200,200,2311,(株)エプコ,東証STD,784,+15,1.95,"37,200",2026/07/28
201,201,4356,応用技術(株),東証STD,"1,672",+32,1.95,"2,500",2026/07/28
202,202,7211,三菱自動車(株),東証PRM,372,+7.1,1.95,"9,630,300",2026/07/28
203,203,7358,(株)ポピンズ,東証STD,"1,516",+29,1.95,"26,600",2026/07/28
204,204,7464,セフテック(株),東証STD,"1,565",+30,1.95,200,2026/07/28
205,205,9020,東日本旅客鉄道(株),東証PRM,"3,829",+73,1.94,"3,772,800",2026/07/28
206,206,9045,京阪ホールディングス(株),東証PRM,"3,359",+64,1.94,"454,700",2026/07/28
207,207,3944,古林紙工(株),東証STD,"2,651",+50,1.92,"1,000",2026/07/28
208,208,5983,イワブチ(株),東証STD,"15,390",+290,1.92,"1,600",2026/07/28
209,209,7360,(株)オンデック,東証GRT,638,+12,1.92,600,2026/07/28
210,210,4074,(株)ラキール,東証GRT,905,+17,1.91,"9,000",2026/07/28
211,211,8237,(株)松屋,東証PRM,"1,812",+34,1.91,"476,400",2026/07/28
212,212,9202,ＡＮＡホールディングス(株),東証PRM,"3,140",+59,1.91,"3,154,200",2026/07/28
213,213,9982,タキヒヨー(株),東証STD,"2,407",+45,1.91,"7,700",2026/07/28
214,214,3680,(株)ホットリンク,東証GRT,216,+4,1.89,"19,400",2026/07/28
215,215,9616,(株)共立メンテナンス,東証PRM,"3,282",+61,1.89,"1,278,700",2026/07/28
216,216,3598,山喜(株),東証STD,163,+3,1.88,"9,200",2026/07/28
217,217,9889,ＪＢＣＣホールディングス(株),東証PRM,"1,574",+29,1.88,"274,600",2026/07/28
218,218,2331,ＡＬＳＯＫ(株),東証PRM,"1,197",+22,1.87,"1,498,900",2026/07/28
219,219,4102,丸尾カルシウム(株),東証STD,"1,470",+27,1.87,700,2026/07/28
220,220,8025,(株)ツカモトコーポレーション,東証STD,"1,305",+24,1.87,600,2026/07/28
221,221,428A,サイプレス・ホールディングス(株),東証STD,"1,370",+25,1.86,"15,800",2026/07/28
222,222,9201,日本航空(株),東証PRM,"2,988.5",+54.5,1.86,"3,514,000",2026/07/28
223,223,2004,昭和産業(株),東証PRM,"3,590",+65,1.84,"68,800",2026/07/28
224,224,2742,(株)ハローズ,東証PRM,"3,865",+70,1.84,"37,400",2026/07/28
225,225,3640,(株)電算,東証STD,"2,546",+46,1.84,"22,200",2026/07/28
226,226,6869,シスメックス(株),東証PRM,"1,635.5",+29.5,1.84,"3,025,300",2026/07/28
227,227,4684,(株)オービック,東証PRM,"4,567",+82,1.83,"2,043,900",2026/07/28
228,228,6086,シンメンテホールディングス(株),東証GRT,"1,058",+19,1.83,"11,600",2026/07/28
229,229,7267,ホンダ,東証PRM,"1,612",+29,1.83,"19,445,800",2026/07/28
230,230,4768,(株)大塚商会,東証PRM,"3,251",+58,1.82,"1,674,300",2026/07/28
231,231,7255,(株)桜井製作所,東証STD,558,+10,1.82,"15,800",2026/07/28
232,232,2788,アップルインターナショナル(株),東証STD,393,+7,1.81,"73,600",2026/07/28
233,233,7595,(株)アルゴグラフィックス,東証PRM,"1,351",+24,1.81,"369,100",2026/07/28
234,234,6054,(株)リブセンス,東証STD,113,+2,1.8,"25,000",2026/07/28
235,235,8255,アクシアル　リテイリング(株),東証PRM,"1,246",+22,1.8,"146,200",2026/07/28
236,236,2914,ＪＴ,東証PRM,"6,648",+117,1.79,"4,414,600",2026/07/28
237,237,3659,(株)ネクソン,東証PRM,"2,488",+43.5,1.78,"3,001,300",2026/07/28
238,238,4543,テルモ(株),東証PRM,"2,289",+40,1.78,"5,281,100",2026/07/28
239,239,3048,(株)ビックカメラ,東証PRM,"1,790",+31,1.76,"540,900",2026/07/28
240,240,4372,ユミルリンク(株),東証GRT,"1,275",+22,1.76,"1,500",2026/07/28
241,241,5131,リンカーズ(株),東証GRT,116,+2,1.75,"28,000",2026/07/28
242,242,7041,ＣＲＧホールディングス(株),東証GRT,348,+6,1.75,"3,800",2026/07/28
243,243,2607,不二製油(株),東証PRM,"3,984",+68,1.74,"253,200",2026/07/28
244,244,7640,(株)トップカルチャー,東証STD,175,+3,1.74,"11,400",2026/07/28
245,245,8043,スターゼン(株),東証PRM,"1,348",+23,1.74,"180,100",2026/07/28
246,246,3524,日東製網(株),東証STD,"1,474",+25,1.73,"9,600",2026/07/28
247,247,9265,ヤマシタヘルスケアホールディングス(株),東証STD,"3,520",+60,1.73,400,2026/07/28
248,248,9021,西日本旅客鉄道(株),東証PRM,"3,128",+53,1.72,"2,286,400",2026/07/28
249,249,9769,(株)学究社,東証PRM,"2,724",+46,1.72,"17,700",2026/07/28
250,250,2674,(株)ハードオフコーポレーション,東証PRM,"2,919",+49,1.71,"102,500",2026/07/28
251,251,4324,(株)電通グループ,東証PRM,"3,622",+61,1.71,"1,723,600",2026/07/28
252,252,4681,リゾートトラスト(株),東証PRM,"1,794",+30,1.7,"588,100",2026/07/28
253,253,3985,テモナ(株),東証STD,181,+3,1.69,"7,000",2026/07/28
254,254,4071,(株)プラスアルファ・コンサルティング,東証PRM,"2,305",+38,1.68,"323,600",2026/07/28
255,255,7616,(株)コロワイド,東証PRM,"2,022",+33.5,1.68,"587,100",2026/07/28
256,256,8194,(株)ライフコーポレーション,東証PRM,"2,542",+42,1.68,"207,300",2026/07/28
257,257,3836,(株)アバントグループ,東証PRM,"1,278",+21,1.67,"80,900",2026/07/28
258,258,4735,(株)京進,東証STD,305,+5,1.67,"5,900",2026/07/28
259,259,9022,東海旅客鉄道(株),東証PRM,"4,090",+67,1.67,"2,777,700",2026/07/28
260,260,9989,(株)サンドラッグ,東証PRM,"3,893",+64,1.67,"462,600",2026/07/28
261,261,7074,(株)トゥエンティーフォーセブンホールディングス,東証GRT,184,+3,1.66,"3,400",2026/07/28
262,262,2815,アリアケジャパン(株),東証PRM,"5,530",+90,1.65,"103,200",2026/07/28
263,263,9023,東京地下鉄(株),東証PRM,"1,482.5",+24,1.65,"2,366,200",2026/07/28
264,264,7486,サンリン(株),東証STD,805,+13,1.64,"10,400",2026/07/28
265,265,8244,(株)近鉄百貨店,東証STD,"1,862",+30,1.64,"32,700",2026/07/28
266,266,2222,寿スピリッツ(株),東証PRM,"2,554",+41,1.63,"530,300",2026/07/28
267,267,7550,(株)ゼンショーホールディングス,東証PRM,"9,854",+158,1.63,"654,400",2026/07/28
268,268,3663,(株)セルシス,東証PRM,"1,884",+30,1.62,"214,400",2026/07/28
269,269,7804,(株)ビーアンドピー,東証STD,"2,266",+36,1.61,"1,700",2026/07/28
270,270,3542,(株)ベガコーポレーション,東証GRT,"1,268",+20,1.6,"15,600",2026/07/28
271,271,4247,ポバール興業(株),東証STD,"1,399",+22,1.6,"1,200",2026/07/28
272,272,4848,(株)フルキャストホールディングス,東証PRM,"1,712",+27,1.6,"149,000",2026/07/28
273,273,2782,(株)セリア,東証STD,"3,845",+60,1.59,"192,600",2026/07/28
274,274,4760,(株)アルファ,東証STD,"1,595",+25,1.59,"1,800",2026/07/28
275,275,142A,(株)ジンジブ,東証GRT,772,+12,1.58,"6,000",2026/07/28
276,276,2240,上場インデックスファンドS&P500先物インバース,東証ETF,"5,521",+86,1.58,159,2026/07/28
277,277,2640,GX ゲーム＆アニメ-日本株式,東証ETF,"3,850",+60,1.58,"67,618",2026/07/28
278,278,3222,ユナイテッド・スーパーマーケット・ホールディングス(株),東証STD,836,+13,1.58,"332,800",2026/07/28
279,279,3733,(株)ソフトウェア・サービス,東証STD,"10,930",+170,1.58,"21,700",2026/07/28
280,280,4397,(株)チームスピリット,東証GRT,385,+6,1.58,"54,100",2026/07/28
281,281,7036,(株)イーエムネットジャパン,東証GRT,643,+10,1.58,"2,400",2026/07/28
282,282,8160,(株)木曽路,東証PRM,"2,466",+38,1.57,"105,000",2026/07/28
283,283,2121,(株)ＭＩＸＩ,東証PRM,"2,929",+45,1.56,"367,900",2026/07/28
284,284,4615,神東塗料(株),東証STD,130,+2,1.56,"46,300",2026/07/28
285,285,8145,中部水産(株),名証MN,"3,280",+50,1.55,200,2026/07/28
286,286,2002,(株)日清製粉グループ本社,東証PRM,"2,106.5",+32,1.54,"834,200",2026/07/28
287,287,2811,カゴメ(株),東証PRM,"2,796.5",+42.5,1.54,"325,900",2026/07/28
288,288,7343,ブロードマインド(株),東証GRT,"1,254",+19,1.54,"1,000",2026/07/28
289,289,9629,ピー・シー・エー(株),東証PRM,"1,451",+22,1.54,"45,000",2026/07/28
290,290,4927,(株)ポーラ・オルビスホールディングス,東証PRM,"1,357.5",+20.5,1.53,"727,400",2026/07/28
291,291,2984,ヤマイチエステート(株),東証STD,741,+11,1.51,"11,500",2026/07/28
292,292,3371,(株)ソフトクリエイトホールディングス,東証PRM,"2,082",+31,1.51,"50,600",2026/07/28
293,293,8864,空港施設(株),東証STD,"1,010",+15,1.51,"95,400",2026/07/28
294,294,9168,(株)ライズ・コンサルティング・グループ,東証GRT,403,+6,1.51,"181,300",2026/07/28
295,295,9310,日本トランスシティ(株),東証PRM,"1,342",+20,1.51,"144,500",2026/07/28
296,296,9474,(株)ゼンリン,東証PRM,944,+14,1.51,"232,700",2026/07/28
297,297,1654,iFreeETF FTSE JPX Blossom Japan Index,東証ETF,"3,174",+47,1.5,30,2026/07/28
298,298,7177,ＧＭＯフィナンシャルホールディングス(株),東証STD,"1,080",+16,1.5,"338,000",2026/07/28
299,299,7261,マツダ(株),東証PRM,"1,182.5",+17.5,1.5,"9,674,300",2026/07/28
300,300,9006,京浜急行電鉄(株),東証PRM,"1,620",+24,1.5,"1,173,400",2026/07/28
301,301,9142,九州旅客鉄道(株),東証PRM,"3,784",+56,1.5,"608,500",2026/07/28
302,302,1622,(NEXT FUNDS)自動車･輸送機上場投信,東証ETF,"34,740",+510,1.49,"1,465",2026/07/28
303,303,259A,(株)ケイ・ウノ,名証NXT,"1,700",+25,1.49,"1,300",2026/07/28
304,304,3676,(株)デジタルハーツホールディングス,東証PRM,747,+11,1.49,"187,500",2026/07/28
305,305,7220,武蔵精密工業(株),東証PRM,"3,065",+45,1.49,"2,391,800",2026/07/28
306,306,2587,サントリービバレッジ＆フード(株),東証PRM,"4,800",+70,1.48,"643,700",2026/07/28
307,307,7421,カッパ・クリエイト(株),東証PRM,"1,575",+23,1.48,"99,900",2026/07/28
308,308,4361,川口化学工業(株),東証STD,"1,518",+22,1.47,"5,300",2026/07/28
309,309,520A,ジェイファーマ(株),東証GRT,277,+4,1.47,"168,000",2026/07/28
310,310,7831,(株)ウイルコホールディングス,東証STD,69,+1,1.47,"35,900",2026/07/28
311,311,8276,(株)平和堂,東証PRM,"2,688",+39,1.47,"121,600",2026/07/28
312,312,2670,(株)エービーシー・マート,東証PRM,"2,753.5",+39.5,1.46,"676,800",2026/07/28
313,313,2585,(株)ライフドリンクカンパニー,東証PRM,"1,488",+21,1.43,"424,200",2026/07/28
314,314,7203,トヨタ自動車(株),東証PRM,"3,008",+42.5,1.43,"30,618,100",2026/07/28
315,315,3953,大村紙業(株),東証STD,787,+11,1.42,800,2026/07/28
316,316,8118,(株)キング,東証STD,"1,218",+17,1.42,"1,800",2026/07/28
317,317,2282,日本ハム(株),東証PRM,"6,475",+90,1.41,"476,400",2026/07/28
318,318,3563,(株)ＦＯＯＤ　＆　ＬＩＦＥ　ＣＯＭＰＡＮＩＥＳ,東証PRM,"5,736",+79,1.4,"1,841,400",2026/07/28
319,319,4419,(株)Ｆｉｎａｔｅｘｔホールディングス,東証GRT,"1,591",+22,1.4,"489,100",2026/07/28
320,320,7894,丸東産業(株),福証,"2,239",+31,1.4,100,2026/07/28
321,321,7687,(株)ミクリード,東証GRT,438,+6,1.39,"1,800",2026/07/28
322,322,8181,(株)東天紅,東証STD,"1,024",+14,1.39,"2,600",2026/07/28
323,323,1559,(NEXT FUNDS)タイ株式指数連動型上場投信,東証ETF,"5,059",+69,1.38,288,2026/07/28
324,324,5929,三和ホールディングス(株),東証PRM,"3,953",+54,1.38,"662,000",2026/07/28
325,325,7839,(株)ＳＨＯＥＩ,東証PRM,"1,980",+27,1.38,"286,800",2026/07/28
326,326,9065,山九(株),東証PRM,"9,408",+128,1.38,"293,300",2026/07/28
327,327,3092,(株)ＺＯＺＯ,東証PRM,"1,181",+16,1.37,"3,398,100",2026/07/28
328,328,7564,(株)ワークマン,東証STD,"5,920",+80,1.37,"378,100",2026/07/28
329,329,7956,ピジョン(株),東証PRM,"2,002.5",+27,1.37,"938,400",2026/07/28
330,330,9007,小田急電鉄(株),東証PRM,"1,807",+24.5,1.37,"1,762,900",2026/07/28
331,331,9467,(株)アルファポリス,東証GRT,"1,038",+14,1.37,"83,000",2026/07/28
332,332,336A,ダイナミックマッププラットフォーム(株),東証GRT,821,+11,1.36,"314,100",2026/07/28
333,333,4172,Ｈｉクラテス(株),東証STD,"2,244",+30,1.36,"1,000",2026/07/28
334,334,5110,住友ゴム工業(株),東証PRM,"2,271",+30.5,1.36,"2,066,400",2026/07/28
335,335,9008,京王電鉄(株),東証PRM,818.3,+11,1.36,"2,720,400",2026/07/28
336,336,9432,ＮＴＴ(株),東証PRM,156.4,+2.1,1.36,"294,176,400",2026/07/28
337,337,9468,(株)ＫＡＤＯＫＡＷＡ,東証PRM,"3,566",+48,1.36,"667,700",2026/07/28
338,338,9722,藤田観光(株),東証PRM,"2,018",+27,1.36,"204,400",2026/07/28
339,339,6772,東京コスモス電機(株),東証STD,"1,054",+14,1.35,"5,400",2026/07/28
340,340,7201,日産自動車(株),東証PRM,337.4,+4.5,1.35,"36,177,500",2026/07/28
341,341,9433,ＫＤＤＩ(株),東証PRM,"2,993",+40,1.35,"9,775,700",2026/07/28
342,342,5891,(株)ＳＡＫＩＧＡＫＥホールディングス,東証STD,"1,665",+22,1.34,"3,200",2026/07/28
343,343,9087,タカセ(株),東証STD,"1,960",+26,1.34,"1,900",2026/07/28
344,344,9715,トランスコスモス(株),東証PRM,"3,795",+50,1.34,"108,500",2026/07/28
345,345,9744,(株)メイテックグループホールディングス,東証PRM,"3,354",+44,1.33,"376,300",2026/07/28
346,346,2181,パーソルホールディングス(株),東証PRM,269.5,+3.5,1.32,"13,577,000",2026/07/28
347,347,3496,(株)アズーム,東証PRM,"4,615",+60,1.32,"87,600",2026/07/28
348,348,364A,(NEXT FUNDS) S&P500 配当貴族指数連動型上場投信,東証ETF,"2,612",+34,1.32,"43,114",2026/07/28
349,349,9009,京成電鉄(株),東証PRM,"1,307",+17,1.32,"2,007,500",2026/07/28
350,350,2296,伊藤ハム米久ホールディングス(株),東証PRM,"5,010",+65,1.31,"212,400",2026/07/28
351,351,9024,(株)西武ホールディングス,東証PRM,"3,713",+48,1.31,"1,439,700",2026/07/28
352,352,3817,(株)ＳＲＡホールディングス,東証PRM,"4,690",+60,1.3,"57,000",2026/07/28
353,353,4776,サイボウズ(株),東証PRM,"2,659",+34,1.3,"427,900",2026/07/28
354,354,7033,(株)マネジメントソリューションズ,東証PRM,"1,399",+18,1.3,"83,400",2026/07/28
355,355,2238,iFreeETF S&P500インバース,東証ETF,"5,437",+69,1.29,"2,159",2026/07/28
356,356,262A,(株)インターメスティック,東証PRM,"1,879",+24,1.29,"288,400",2026/07/28
357,357,2747,北雄ラッキー(株),東証STD,"3,135",+40,1.29,500,2026/07/28
358,358,4704,トレンドマイクロ(株),東証PRM,"6,574",+84,1.29,"893,900",2026/07/28
359,359,9003,相鉄ホールディングス(株),東証PRM,"2,663.5",+34,1.29,"276,300",2026/07/28
360,360,9621,(株)建設技術研究所,東証PRM,"2,978",+38,1.29,"65,100",2026/07/28
361,361,2032,NEXT NOTES 香港ハンセン･ベアETN,東証ETF,"6,309",+80,1.28,18,2026/07/28
362,362,3185,夢展望(株),東証GRT,158,+2,1.28,"114,700",2026/07/28
363,363,3266,(株)ファンドクリエーショングループ,東証STD,79,+1,1.28,"122,900",2026/07/28
364,364,3387,(株)クリエイト・レストランツ・ホールディングス,東証PRM,791,+10,1.28,"1,235,800",2026/07/28
365,365,380A,GX チャイナテック,東証ETF,"1,030",+13,1.28,"18,068",2026/07/28
366,366,6185,ＳＭＮ(株),東証STD,395,+5,1.28,"2,500",2026/07/28
367,367,6947,(株)図研,東証PRM,"4,740",+60,1.28,"44,400",2026/07/28
368,368,8273,(株)イズミ,東証PRM,"1,031",+13,1.28,"530,100",2026/07/28
369,369,9418,(株)Ｕ－ＮＥＸＴ　ＨＯＬＤＩＮＧＳ,東証PRM,"1,742",+22,1.28,"787,900",2026/07/28
370,370,2045,NEXT NOTES S&P シンガポール リート(NR)ETN,東証ETF,"20,725",+260,1.27,1,2026/07/28
371,371,394A,業界改革厳選ETFテレビ業界,東証ETF,540.4,+6.8,1.27,20,2026/07/28
372,372,3069,(株)ＪＦＬＡホールディングス,東証STD,161,+2,1.26,"98,900",2026/07/28
373,373,8040,(株)東京ソワール,東証STD,"1,047",+13,1.26,"1,100",2026/07/28
374,374,9869,加藤産業(株),東証PRM,"6,410",+80,1.26,"39,400",2026/07/28
375,375,2152,幼児活動研究会(株),東証STD,"1,620",+20,1.25,"3,800",2026/07/28
376,376,2379,ディップ(株),東証PRM,"1,857",+23,1.25,"343,000",2026/07/28
377,377,3087,(株)ドトール・日レスホールディングス,東証PRM,"3,250",+40,1.25,"179,700",2026/07/28
378,378,7419,(株)ノジマ,東証PRM,"1,461",+18,1.25,"918,400",2026/07/28
379,379,2910,(株)ロック・フィールド,東証PRM,"1,385",+17,1.24,"76,300",2026/07/28
380,380,3179,シュッピン(株),東証PRM,"1,308",+16,1.24,"62,100",2026/07/28
381,381,538A,NZAM 上場投信 米国国債7-10年(H無),東証ETF,"5,042",+62,1.24,4,2026/07/28
382,382,9042,阪急阪神ホールディングス(株),東証PRM,"4,963",+61,1.24,"1,211,100",2026/07/28
383,383,2326,デジタルアーツ(株),東証PRM,"4,100",+50,1.23,"130,700",2026/07/28
384,384,6342,(株)太平製作所,東証STD,"2,876",+35,1.23,500,2026/07/28
385,385,8056,ＢＩＰＲＯＧＹ(株),東証PRM,"4,923",+60,1.23,"350,500",2026/07/28
386,386,1694,WisdomTree ニッケル上場投信,東証ETF,"2,480",+30,1.22,130,2026/07/28
387,387,2001,(株)ニップン,東証PRM,"2,906",+35,1.22,"203,800",2026/07/28
388,388,9974,(株)ベルク,東証PRM,"6,620",+80,1.22,"23,800",2026/07/28
389,389,235A,GX 高配当30-日本株式,東証ETF,"1,426",+17,1.21,"14,136",2026/07/28
390,390,2533,オエノンホールディングス(株),東証PRM,502,+6,1.21,"262,900",2026/07/28
391,391,3020,アプライド(株),東証STD,"4,180",+50,1.21,"1,300",2026/07/28
392,392,4809,パラカ(株),東証PRM,"2,088",+25,1.21,"23,000",2026/07/28
393,393,9404,日本テレビホールディングス(株),東証PRM,"2,967.5",+35.5,1.21,"435,500",2026/07/28
394,394,2095,GX S&P500配当貴族 (H有),東証ETF,"1,185",+14,1.2,"15,866",2026/07/28
395,395,441A,ＮＥ(株),東証GRT,253,+3,1.2,"19,900",2026/07/28
396,396,6180,ＧＭＯメディア(株),東証GRT,"3,780",+45,1.2,700,2026/07/28
397,397,3292,イオンリート投資法人,東証,"128,000","+1,500",1.19,"5,890",2026/07/28
398,398,3391,(株)ツルハホールディングス,東証PRM,"2,508.5",+29.5,1.19,"1,397,100",2026/07/28
399,399,3930,(株)はてな,東証GRT,"1,108",+13,1.19,"50,400",2026/07/28
400,400,4293,(株)セプテーニ・ホールディングス,東証STD,510,+6,1.19,"773,300",2026/07/28
401,401,4665,(株)ダスキン,東証PRM,"4,586",+54,1.19,"86,100",2026/07/28
402,402,469A,(株)フィットクルー,東証GRT,"1,440",+17,1.19,"1,200",2026/07/28
403,403,2236,GX S&P500配当貴族,東証ETF,"1,540",+18,1.18,"82,712",2026/07/28
404,404,3612,(株)ワールド,東証PRM,"1,636",+19,1.18,"261,000",2026/07/28
405,405,7512,イオン北海道(株),東証STD,859,+10,1.18,"130,300",2026/07/28
406,406,8282,(株)ケーズホールディングス,東証PRM,"1,922",+22.5,1.18,"652,400",2026/07/28
407,407,2044,NEXT NOTES S&P500 配当貴族(NR)ETN,東証ETF,"36,280",+420,1.17,278,2026/07/28
408,408,3539,(株)ＪＭホールディングス,東証PRM,"1,386",+16,1.17,"452,800",2026/07/28
409,409,8113,ユニ・チャーム(株),東証PRM,"1,004.5",+11.6,1.17,"3,985,200",2026/07/28
410,410,299A,クラシル(株),東証GRT,"1,050",+12,1.16,"152,600",2026/07/28
411,411,9346,(株)ココルポート,東証GRT,"1,650",+19,1.16,"9,100",2026/07/28
412,412,1992,神田通信機(株),東証STD,"3,080",+35,1.15,600,2026/07/28
413,413,2579,コカ・コーラ　ボトラーズジャパンホールディングス(株),東証PRM,"4,414",+50,1.15,"724,700",2026/07/28
414,414,7860,エイベックス(株),東証PRM,"1,320",+15,1.15,"184,700",2026/07/28
415,415,2013,iシェアーズ 米国高配当株 ETF,東証ETF,320.1,+3.6,1.14,"121,220",2026/07/28
416,416,3226,三井不動産アコモデーションファンド投資法人,東証,"124,300","+1,400",1.14,"7,075",2026/07/28
417,417,6902,(株)デンソー,東証PRM,"2,079.5",+23.5,1.14,"8,698,300",2026/07/28
418,418,7269,スズキ(株),東証PRM,"2,078.5",+23.5,1.14,"7,479,100",2026/07/28
419,419,188A,GX インド・トップ10+,東証ETF,893,+10,1.13,"4,247",2026/07/28
420,420,3135,(株)マーケットエンタープライズ,東証STD,"1,073",+12,1.13,"11,200",2026/07/28
421,421,6532,(株)ベイカレント,東証PRM,"7,186",+80,1.13,"2,242,800",2026/07/28
422,422,1333,Ｕｍｉｏｓ(株),東証PRM,"1,354.5",+15,1.12,"382,300",2026/07/28
423,423,2117,ウェルネオシュガー(株),東証PRM,"2,791",+31,1.12,"36,400",2026/07/28
424,424,300A,ＭＩＣ(株),東証STD,"2,979",+33,1.12,"9,400",2026/07/28
425,425,3774,(株)インターネットイニシアティブ,東証PRM,"3,518",+39,1.12,"662,800",2026/07/28
426,426,2269,明治ホールディングス(株),東証PRM,"3,834",+42,1.11,"823,800",2026/07/28
427,427,4544,Ｈ．Ｕ．グループホールディングス(株),東証PRM,"3,472",+38,1.11,"264,700",2026/07/28
428,428,4816,東映アニメーション(株),東証STD,"2,902",+32,1.11,"373,400",2026/07/28
429,429,4967,小林製薬(株),東証PRM,"5,649",+62,1.11,"217,800",2026/07/28
430,430,7678,(株)あさくま,東証STD,"6,350",+70,1.11,"21,200",2026/07/28
431,431,8218,(株)コメリ,東証PRM,"3,630",+40,1.11,"95,800",2026/07/28
432,432,2695,くら寿司(株),東証PRM,"1,655",+18,1.1,"349,900",2026/07/28
433,433,2932,(株)ＳＴＩフードホールディングス,東証STD,"1,105",+12,1.1,"16,200",2026/07/28
434,434,4452,花王(株),東証PRM,"3,320",+36,1.1,"3,164,200",2026/07/28
435,435,8242,エイチ・ツー・オー　リテイリング(株),東証PRM,"2,884.5",+31.5,1.1,"427,300",2026/07/28
436,436,9434,ソフトバンク(株),東証PRM,230.8,+2.5,1.1,"92,751,400",2026/07/28
437,437,9759,(株)ＮＳＤ,東証PRM,"2,838",+31,1.1,"374,600",2026/07/28
438,438,291A,(株)リスキル,東証GRT,"1,760",+19,1.09,200,2026/07/28
439,439,4058,トヨクモ(株),東証GRT,"2,221",+24,1.09,"24,800",2026/07/28
440,440,9558,ジャパニアス(株),東証GRT,"1,956",+21,1.09,"8,700",2026/07/28
441,441,3561,(株)力の源ホールディングス,東証PRM,"1,685",+18,1.08,"70,800",2026/07/28
442,442,3765,ガンホー・オンライン・エンターテイメント(株),東証PRM,"2,442",+26,1.08,"236,700",2026/07/28
443,443,3837,アドソル日進(株),東証PRM,"1,498",+16,1.08,"100,600",2026/07/28
444,444,4716,日本オラクル(株),東証STD,"8,773",+94,1.08,"352,900",2026/07/28
445,445,7080,(株)スポーツフィールド,東証GRT,839,+9,1.08,"4,700",2026/07/28
446,446,7649,スギホールディングス(株),東証PRM,"2,910",+31,1.08,"1,055,500",2026/07/28
447,447,8013,(株)ナイガイ,東証STD,374,+4,1.08,"14,400",2026/07/28
448,448,7369,(株)メイホーホールディングス,東証GRT,379,+4,1.07,"7,100",2026/07/28
449,449,8198,マックスバリュ東海(株),東証STD,"3,310",+35,1.07,"15,800",2026/07/28
450,450,9682,(株)ＤＴＳ,東証PRM,"1,131",+12,1.07,"660,600",2026/07/28
451,451,1660,MAXIS高利回りJリート上場投信,東証ETF,"10,975",+115,1.06,"2,211",2026/07/28
452,452,3269,アドバンス・レジデンス投資法人,東証,"152,700","+1,600",1.06,"8,633",2026/07/28
453,453,3358,Ｔｒａｉｌｈｅａｄ　Ｇｌｏｂａｌ　Ｈｏｌｄｉｎｇｓ(株),東証STD,95,+1,1.06,"48,100",2026/07/28
454,454,4503,アステラス製薬(株),東証PRM,"2,233.5",+23.5,1.06,"7,062,100",2026/07/28
455,455,5458,高砂鐵工(株),東証STD,"1,245",+13,1.06,"1,600",2026/07/28
456,456,6200,(株)インソース,東証PRM,760,+8,1.06,"1,131,100",2026/07/28
457,457,8914,エリアリンク(株),東証STD,953,+10,1.06,"162,900",2026/07/28
458,458,3046,(株)ジンズホールディングス,東証PRM,"6,740",+70,1.05,"299,100",2026/07/28
459,459,8850,スターツコーポレーション(株),東証PRM,"4,825",+50,1.05,"64,600",2026/07/28
460,460,3167,(株)ＴＯＫＡＩホールディングス,東証PRM,"1,167",+12,1.04,"220,100",2026/07/28
461,461,2685,(株)アンドエスティＨＤ,東証PRM,"3,435",+35,1.03,"164,300",2026/07/28
462,462,3004,神栄(株),東証STD,"2,258",+23,1.03,"3,100",2026/07/28
463,463,7850,総合商研(株),東証STD,884,+9,1.03,"6,400",2026/07/28
464,464,3192,(株)白鳩,東証STD,296,+3,1.02,"12,700",2026/07/28
465,465,475A,(株)ギミック,東証STD,594,+6,1.02,"14,300",2026/07/28
466,466,5969,(株)ロブテックス,東証STD,"1,193",+12,1.02,200,2026/07/28
467,467,6087,(株)アビスト,東証STD,"3,460",+35,1.02,"3,400",2026/07/28
468,468,2503,キリンホールディングス(株),東証PRM,"2,998",+30,1.01,"3,544,100",2026/07/28
469,469,6701,ＮＥＣ,東証PRM,"4,490",+45,1.01,"6,861,500",2026/07/28
470,470,6750,エレコム(株),東証PRM,"1,907",+19,1.01,"300,200",2026/07/28
471,471,9081,神奈川中央交通(株),東証PRM,"3,990",+40,1.01,"22,700",2026/07/28
472,472,7897,ホクシン(株),東証STD,101,+1,1.0,"122,900",2026/07/28
473,473,9001,東武鉄道(株),東証PRM,"3,131",+31,1.0,"748,100",2026/07/28
474,474,9063,岡山県貨物運送(株),東証STD,"4,050",+40,1.0,600,2026/07/28
475,475,9563,Ａｔｌａｓ　Ｔｅｃｈｎｏｌｏｇｉｅｓ(株),東証GRT,303,+3,1.0,"3,500",2026/07/28
476,476,3071,(株)ストリーム,東証STD,102,+1,0.99,"7,800",2026/07/28
477,477,3628,(株)データホライゾン,東証GRT,612,+6,0.99,"3,000",2026/07/28
478,478,1766,東建コーポレーション(株),東証PRM,"13,410",+130,0.98,"41,300",2026/07/28
479,479,3050,ＤＣＭホールディングス(株),東証PRM,"1,553",+15,0.98,"282,800",2026/07/28
480,480,3490,(株)アズ企画設計,東証STD,"3,080",+30,0.98,"1,000",2026/07/28
481,481,3816,(株)大和コンピューター,東証STD,"1,138",+11,0.98,300,2026/07/28
482,482,7272,ヤマハ発動機(株),東証PRM,"1,340",+13,0.98,"6,573,500",2026/07/28
483,483,7965,象印マホービン(株),東証PRM,"1,444",+14,0.98,"246,600",2026/07/28
484,484,3577,東海染工(株),東証STD,935,+9,0.97,"1,600",2026/07/28
485,485,4732,(株)ユー・エス・エス,東証PRM,"2,020.5",+19.5,0.97,"930,100",2026/07/28
486,486,5906,エムケー精工(株),東証STD,831,+8,0.97,"9,400",2026/07/28
487,487,7630,(株)壱番屋,東証PRM,937,+9,0.97,"682,900",2026/07/28
488,488,3282,コンフォリア・レジデンシャル投資法人,東証,"105,500","+1,000",0.96,"6,612",2026/07/28
489,489,4676,(株)フジ・メディア・ホールディングス,東証PRM,"4,206",+40,0.96,"507,000",2026/07/28
490,490,512A,GX ステーブルコイン&トークンビジネス(除く日本),東証ETF,"1,160",+11,0.96,"15,788",2026/07/28
491,491,7458,(株)第一興商,東証PRM,"1,839",+17.5,0.96,"309,000",2026/07/28
492,492,9041,近鉄グループホールディングス(株),東証PRM,"3,563",+34,0.96,"453,100",2026/07/28
493,493,9143,ＳＧホールディングス(株),東証PRM,"1,624.5",+15.5,0.96,"1,570,300",2026/07/28
494,494,9246,(株)プロジェクトホールディングス,東証GRT,"1,051",+10,0.96,"3,400",2026/07/28
495,495,1555,上場インデックスファンド豪州リート,東証ETF,"2,539",+24,0.95,"3,893",2026/07/28
496,496,2678,アスクル(株),東証PRM,"1,272",+12,0.95,"462,200",2026/07/28
497,497,7239,(株)タチエス,東証PRM,"2,221",+21,0.95,"97,800",2026/07/28
498,498,4928,(株)ノエビアホールディングス,東証PRM,"4,830",+45,0.94,"151,100",2026/07/28
499,499,7814,(株)日本創発グループ,東証STD,645,+6,0.94,"22,900",2026/07/28
500,500,9761,東海リース(株),東証STD,"2,370",+22,0.94,"1,400",2026/07/28
501,501,1332,(株)ニッスイ,東証PRM,"1,304.5",+12,0.93,"1,651,100",2026/07/28
502,502,3636,(株)三菱総合研究所,東証PRM,"4,895",+45,0.93,"57,200",2026/07/28
503,503,4617,中国塗料(株),東証PRM,"3,780",+35,0.93,"385,300",2026/07/28
504,504,7510,(株)たけびし,東証PRM,"2,483",+23,0.93,"25,200",2026/07/28
505,505,7981,タカラスタンダード(株),東証PRM,"3,270",+30,0.93,"145,700",2026/07/28
506,506,8045,横浜丸魚(株),東証STD,"2,059",+19,0.93,200,2026/07/28
507,507,8977,阪急阪神リート投資法人,東証,"141,600","+1,300",0.93,"1,917",2026/07/28
508,508,2730,(株)エディオン,東証PRM,"2,540",+23,0.91,"272,900",2026/07/28
509,509,479A,ＰＲＯＮＩ(株),東証GRT,"1,334",+12,0.91,"23,300",2026/07/28
510,510,7545,(株)西松屋チェーン,東証PRM,"2,004",+18,0.91,"336,600",2026/07/28
511,511,9990,(株)サックスバー　ホールディングス,東証PRM,773,+7,0.91,"104,500",2026/07/28
512,512,2664,(株)カワチ薬品,東証PRM,"3,355",+30,0.9,"46,700",2026/07/28
513,513,3791,(株)ＩＧポート,東証STD,"1,015",+9,0.89,"275,600",2026/07/28
514,514,4919,(株)ミルボン,東証PRM,"2,848",+25,0.89,"123,600",2026/07/28
515,515,8079,正栄食品工業(株),東証PRM,"4,540",+40,0.89,"47,500",2026/07/28
516,516,8119,(株)三栄コーポレーション,東証STD,795,+7,0.89,700,2026/07/28
517,517,9339,(株)コーチ・エィ,東証STD,"1,362",+12,0.89,"4,900",2026/07/28
518,518,2088,NZAM 上場投信 NYダウ30(H有),東証ETF,"2,625",+23,0.88,"51,029",2026/07/28
519,519,2252,GX Morningstar 米国中小型 Moat,東証ETF,"1,484",+13,0.88,92,2026/07/28
520,520,7565,萬世電機(株),東証STD,"6,910",+60,0.88,200,2026/07/28
521,521,1678,(NEXT FUNDS)インド株式指数上場投信,東証ETF,323.4,+2.8,0.87,"489,350",2026/07/28
522,522,1807,(株)佐藤渡辺,東証STD,"1,861",+16,0.87,600,2026/07/28
523,523,5574,(株)ＡＢＥＪＡ,東証GRT,"2,537",+22,0.87,"193,800",2026/07/28
524,524,7202,いすゞ自動車(株),東証PRM,"2,431",+21,0.87,"3,964,100",2026/07/28
525,525,9882,(株)イエローハット,東証PRM,"1,845",+16,0.87,"209,400",2026/07/28
526,526,9347,日本管財ホールディングス(株),東証PRM,"2,819",+24,0.86,"61,900",2026/07/28
527,527,9362,兵機海運(株),東証STD,"3,535",+30,0.86,200,2026/07/28
528,528,4985,アース製薬(株),東証PRM,"4,730",+40,0.85,"67,000",2026/07/28
529,529,5967,ＴＯＮＥ(株),東証STD,477,+4,0.85,"6,000",2026/07/28
530,530,7057,(株)エヌ・シー・エヌ,東証STD,948,+8,0.85,100,2026/07/28
531,531,1572,中国H株ブル2倍上場投信,東証ETF,"7,210",+60,0.84,"12,370",2026/07/28
532,532,2413,エムスリー(株),東証PRM,"1,920.5",+16,0.84,"3,523,100",2026/07/28
533,533,3173,(株)Ｃｏｍｉｎｉｘ,東証STD,"1,086",+9,0.84,"10,500",2026/07/28
534,534,3465,ケイアイスター不動産(株),東証PRM,"3,620",+30,0.84,"105,500",2026/07/28
535,535,8559,(株)豊和銀行,福証,481,+4,0.84,"5,900",2026/07/28
536,536,175A,(株)Ｗｉｌｌ　Ｓｍａｒｔ,東証GRT,605,+5,0.83,"7,300",2026/07/28
537,537,2201,森永製菓(株),東証PRM,"2,726.5",+22.5,0.83,"230,200",2026/07/28
538,538,2792,(株)ハニーズホールディングス,東証PRM,"1,450",+12,0.83,"87,300",2026/07/28
539,539,3986,(株)ビーブレイクシステムズ,東証STD,484,+4,0.83,"4,500",2026/07/28
540,540,2085,MAXIS 高配当日本株アクティブ,東証ETF,782.4,+6.4,0.82,"38,570",2026/07/28
541,541,3726,(株)フォーシーズＨＤ,東証STD,370,+3,0.82,"16,600",2026/07/28
542,542,4242,(株)タカギセイコー,東証STD,"1,851",+15,0.82,"8,800",2026/07/28
543,543,4920,(株)日本色材工業研究所,東証STD,"1,111",+9,0.82,"1,000",2026/07/28
544,544,8030,中央魚類(株),東証STD,"3,690",+30,0.82,"6,500",2026/07/28
545,545,8252,(株)丸井グループ,東証PRM,"3,016",+24.5,0.82,"912,600",2026/07/28
546,546,9946,ミニストップ(株),東証PRM,"1,855",+15,0.82,"61,100",2026/07/28
547,547,1483,iシェアーズ JPX/S&P 設備･人材投資ETF,東証ETF,"3,730",+30,0.81,48,2026/07/28
548,548,2593,(株)伊藤園,東証PRM,"3,097",+25,0.81,"366,300",2026/07/28
549,549,2814,佐藤食品工業(株),東証STD,"3,110",+25,0.81,300,2026/07/28
550,550,4380,(株)Ｍマート,東証GRT,"1,249",+10,0.81,"4,700",2026/07/28
551,551,6849,日本光電,東証PRM,"1,613",+13,0.81,"739,600",2026/07/28
552,552,9025,鴻池運輸(株),東証PRM,"2,972",+24,0.81,"95,100",2026/07/28
553,553,205A,(株)ロゴスホールディングス,東証GRT,"1,901",+15,0.8,"38,700",2026/07/28
554,554,2433,(株)博報堂ＤＹホールディングス,東証PRM,"1,315",+10.5,0.8,"837,700",2026/07/28
555,555,4523,エーザイ(株),東証PRM,"4,791",+38,0.8,"1,836,300",2026/07/28
556,556,7164,全国保証(株),東証PRM,"3,158",+25,0.8,"350,700",2026/07/28
557,557,3202,ダイトウボウ(株),東証STD,128,+1,0.79,"20,900",2026/07/28
558,558,4068,ベイシス(株),東証GRT,"1,649",+13,0.79,"1,000",2026/07/28
559,559,4334,(株)ユークス,東証STD,381,+3,0.79,"11,700",2026/07/28
560,560,4526,理研ビタミン(株),東証PRM,"3,200",+25,0.79,"71,600",2026/07/28
561,561,5947,リンナイ(株),東証PRM,"3,685",+29,0.79,"360,900",2026/07/28
562,562,6439,中日本鋳工(株),名証MN,382,+3,0.79,"1,000",2026/07/28
563,563,9601,松竹(株),東証PRM,"11,510",+90,0.79,"48,000",2026/07/28
564,564,3097,(株)物語コーポレーション,東証PRM,"5,190",+40,0.78,"132,000",2026/07/28
565,565,3193,(株)エターナルホスピタリティグループ,東証PRM,"2,981",+23,0.78,"96,900",2026/07/28
566,566,3475,(株)グッドコムアセット,東証PRM,"1,546",+12,0.78,"97,100",2026/07/28
567,567,6566,(株)要興業,東証STD,"1,296",+10,0.78,"4,300",2026/07/28
568,568,2281,プリマハム(株),東証PRM,"2,502",+19,0.77,"105,900",2026/07/28
569,569,2477,手間いらず(株),東証STD,"2,364",+18,0.77,"8,000",2026/07/28
570,570,3536,アクサスホールディングス(株),東証STD,131,+1,0.77,"1,400",2026/07/28
571,571,8841,(株)テーオーシー,東証STD,913,+7,0.77,"89,200",2026/07/28
572,572,1414,ショーボンドホールディングス(株),東証PRM,"1,330",+10,0.76,"1,022,300",2026/07/28
573,573,2039,NEXT NOTES ドバイ原油先物 ベア ETN,東証ETF,529,+4,0.76,"221,325",2026/07/28
574,574,2139,(株)中広,東証STD,533,+4,0.76,"2,200",2026/07/28
575,575,3661,(株)エムアップホールディングス,東証PRM,792,+6,0.76,"569,100",2026/07/28
576,576,4559,ゼリア新薬工業(株),東証PRM,"2,120",+16,0.76,"104,400",2026/07/28
577,577,6099,(株)エラン,東証PRM,792,+6,0.76,"60,500",2026/07/28
578,578,8957,東急リアル・エステート投資法人,東証,"199,400","+1,500",0.76,"2,761",2026/07/28
579,579,1981,(株)協和日成,東証STD,"1,343",+10,0.75,"4,900",2026/07/28
580,580,2810,ハウス食品グループ本社(株),東証PRM,"4,018",+30,0.75,"202,000",2026/07/28
581,581,4616,川上塗料(株),東証STD,"2,020",+15,0.75,"1,000",2026/07/28
582,582,8848,(株)レオパレス２１,東証PRM,669,+5,0.75,"1,115,800",2026/07/28
583,583,1617,(NEXT FUNDS)食品上場投信,東証ETF,"47,940",+350,0.74,"1,139",2026/07/28
584,584,3249,産業ファンド投資法人,東証,"149,200","+1,100",0.74,"7,807",2026/07/28
585,585,6044,(株)三機サービス,東証STD,"1,899",+14,0.74,"25,500",2026/07/28
586,586,7462,(株)ＣＡＰＩＴＡ,東証STD,410,+3,0.74,"13,900",2026/07/28
587,587,8111,(株)ゴールドウイン,東証PRM,"2,372",+17.5,0.74,"370,600",2026/07/28
588,588,2014,iシェアーズ 米国連続増配株 ETF,東証ETF,329.3,+2.4,0.73,"288,220",2026/07/28
589,589,2109,ＤＭ三井製糖(株),東証PRM,"3,465",+25,0.73,"54,200",2026/07/28
590,590,2211,(株)不二家,東証PRM,"2,484",+18,0.73,"29,700",2026/07/28
591,591,2288,丸大食品(株),東証PRM,"2,335",+17,0.73,"55,000",2026/07/28
592,592,233A,iFreeETF インドNifty50,東証ETF,"1,920",+14,0.73,"67,080",2026/07/28
593,593,3904,(株)カヤック,東証GRT,414,+3,0.73,"31,900",2026/07/28
594,594,4398,(株)ブロードバンドセキュリティ,東証STD,"1,247",+9,0.73,"2,900",2026/07/28
595,595,4718,(株)早稲田アカデミー,東証PRM,"2,496",+18,0.73,"24,100",2026/07/28
596,596,7646,(株)ＰＬＡＮＴ,東証STD,"1,806",+13,0.73,"11,800",2026/07/28
597,597,1476,iシェアーズ・コア Ｊリート ETF,東証ETF,"1,956",+14,0.72,"464,176",2026/07/28
598,598,2089,NZAM 上場投信 DAX(H有),東証ETF,"2,812",+20,0.72,5,2026/07/28
599,599,3925,(株)ダブルスタンダード,東証PRM,"1,254",+9,0.72,"43,800",2026/07/28
600,600,5025,(株)マーキュリー,東証GRT,559,+4,0.72,"2,400",2026/07/28
601,601,7122,近畿車輛(株),東証STD,"2,370",+17,0.72,"3,400",2026/07/28
602,602,7506,(株)ハウス　オブ　ローゼ,東証STD,"1,399",+10,0.72,"1,000",2026/07/28
603,603,9698,(株)クレオ,東証STD,"1,255",+9,0.72,"1,900",2026/07/28
604,604,2432,(株)ディー・エヌ・エー,東証PRM,"2,469",+17.5,0.71,"866,100",2026/07/28
605,605,3591,(株)ワコールホールディングス,東証PRM,"4,513",+32,0.71,"88,200",2026/07/28
606,606,3696,(株)セレス,東証PRM,"2,120",+15,0.71,"93,600",2026/07/28
607,607,3798,ＵＬＳグループ(株),東証STD,570,+4,0.71,"115,300",2026/07/28
608,608,3943,大石産業(株),東証STD,"1,275",+9,0.71,"1,600",2026/07/28
609,609,8001,伊藤忠商事(株),東証PRM,"1,998.5",+14,0.71,"17,771,400",2026/07/28
610,610,4893,ノイルイミューン・バイオテック(株),東証GRT,143,+1,0.7,"36,600",2026/07/28
611,611,5122,オカモト(株),東証PRM,"5,740",+40,0.7,"20,700",2026/07/28
612,612,2037,NEXT NOTES 金先物 ベア ETN,東証ETF,"1,312",+9,0.69,"18,661",2026/07/28
613,613,3134,Ｈａｍｅｅ(株),東証STD,290,+2,0.69,"53,300",2026/07/28
614,614,3395,(株)サンマルクホールディングス,東証PRM,"2,611",+18,0.69,"63,900",2026/07/28
615,615,4849,エン(株),東証PRM,"1,306",+9,0.69,"164,200",2026/07/28
616,616,5950,日本パワーファスニング(株),東証STD,146,+1,0.69,"11,100",2026/07/28
617,617,8006,ユアサ・フナショク(株),東証STD,"1,609",+11,0.69,800,2026/07/28
618,618,2317,(株)システナ,東証PRM,441,+3,0.68,"1,072,100",2026/07/28
619,619,4922,(株)コーセーホールディングス,東証PRM,"5,795",+39,0.68,"252,300",2026/07/28
620,620,5843,ニッポンインシュア(株),東証STD,"2,367",+16,0.68,"7,600",2026/07/28
621,621,6098,(株)リクルートホールディングス,東証PRM,"12,595",+85,0.68,"4,814,500",2026/07/28
622,622,7081,コーユーレンティア(株),東証STD,"1,329",+9,0.68,"1,100",2026/07/28
623,623,5956,トーソー(株),東証STD,602,+4,0.67,"1,100",2026/07/28
624,624,8123,川辺(株),東証STD,"1,359",+9,0.67,800,2026/07/28
625,625,9936,(株)王将フードサービス,東証PRM,"3,025",+20,0.67,"196,600",2026/07/28
626,626,141A,(株)トライアルホールディングス,東証GRT,"3,045",+20,0.66,"514,300",2026/07/28
627,627,1621,(NEXT FUNDS)医薬品上場投信,東証ETF,"30,280",+200,0.66,"1,358",2026/07/28
628,628,2047,NEXT NOTES インドNifty・ベア ETN,東証ETF,"3,488",+23,0.66,22,2026/07/28
629,629,4828,ビジネスエンジニアリング(株),東証PRM,"1,225",+8,0.66,"100,900",2026/07/28
630,630,5997,協立エアテック(株),東証STD,916,+6,0.66,"2,200",2026/07/28
631,631,9039,(株)サカイ引越センター,東証PRM,"3,030",+20,0.66,"59,400",2026/07/28
632,632,8130,(株)サンゲツ,東証PRM,"3,105",+20,0.65,"185,300",2026/07/28
633,633,9076,セイノーホールディングス(株),東証PRM,"2,725",+17.5,0.65,"296,200",2026/07/28
634,634,9308,乾汽船(株),東証STD,"1,872",+12,0.65,"155,200",2026/07/28
635,635,9987,(株)スズケン,東証PRM,"5,282",+34,0.65,"172,100",2026/07/28
636,636,195A,(株)ＭＵＳＣＡＴ　ＧＲＯＵＰ,東証GRT,786,+5,0.64,"7,100",2026/07/28
637,637,2220,亀田製菓(株),東証PRM,"1,250",+8,0.64,"138,900",2026/07/28
638,638,2393,(株)日本ケアサプライ,東証STD,"3,935",+25,0.64,"17,800",2026/07/28
639,639,2999,ホームポジション(株),東証STD,626,+4,0.64,"12,600",2026/07/28
640,640,3076,あい　ホールディングス(株),東証PRM,"2,849",+18,0.64,"166,600",2026/07/28
641,641,5410,合同製鐵(株),東証PRM,"2,841",+18,0.64,"96,200",2026/07/28
642,642,7459,(株)メディパルホールディングス,東証PRM,"2,970.5",+19,0.64,"650,700",2026/07/28
643,643,7928,旭化学工業(株),東証STD,633,+4,0.64,"7,000",2026/07/28
644,644,8200,(株)リンガーハット,東証PRM,"2,371",+15,0.64,"90,200",2026/07/28
645,645,2485,(株)ティア,東証STD,477,+3,0.63,"23,900",2026/07/28
646,646,2752,(株)フジオフードグループ本社,東証PRM,"1,123",+7,0.63,"68,700",2026/07/28
647,647,2915,ケンコーマヨネーズ(株),東証PRM,"2,073",+13,0.63,"16,200",2026/07/28
648,648,2924,イフジ産業(株),東証STD,"2,073",+13,0.63,"3,100",2026/07/28
649,649,3290,Oneリート投資法人,東証,"79,400",+500,0.63,"2,319",2026/07/28
650,650,4728,(株)トーセ,東証STD,644,+4,0.63,"1,900",2026/07/28
651,651,5582,(株)グリッド,東証GRT,"1,914",+12,0.63,"31,400",2026/07/28
652,652,6612,バルミューダ(株),東証GRT,638,+4,0.63,"2,300",2026/07/28
653,653,8230,(株)はせがわ,東証STD,318,+2,0.63,"6,400",2026/07/28
654,654,9409,(株)テレビ朝日ホールディングス,東証PRM,"3,195",+20,0.63,"157,300",2026/07/28
655,655,1628,(NEXT FUNDS)運輸･物流上場投信,東証ETF,"22,010",+135,0.62,"1,447",2026/07/28
656,656,2853,iシェアーズ 気候リスク調整世界国債(除く日本・H有),東証ETF,617.7,+3.8,0.62,30,2026/07/28
657,657,3028,(株)アルペン,東証PRM,"2,255",+14,0.62,"139,700",2026/07/28
658,658,4350,(株)メディカルシステムネットワーク,東証STD,490,+3,0.62,"80,200",2026/07/28
659,659,5194,相模ゴム工業(株),東証STD,654,+4,0.62,"6,300",2026/07/28
660,660,6425,(株)ユニバーサルエンターテインメント,東証STD,653,+4,0.62,"239,200",2026/07/28
661,661,7270,(株)ＳＵＢＡＲＵ,東証PRM,"2,680",+16.5,0.62,"5,583,900",2026/07/28
662,662,7606,(株)ユナイテッドアローズ,東証PRM,"2,451",+15,0.62,"131,600",2026/07/28
663,663,7827,(株)オービス,東証STD,"1,635",+10,0.62,"1,400",2026/07/28
664,664,8179,ロイヤルホールディングス(株),東証PRM,"1,308",+8,0.62,"241,700",2026/07/28
665,665,9034,南総通運(株),東証STD,"1,615",+10,0.62,"3,800",2026/07/28
666,666,2294,(株)柿安本店,東証PRM,"2,650",+16,0.61,"20,500",2026/07/28
667,667,2327,日鉄ソリューションズ(株),東証PRM,"3,928",+24,0.61,"260,200",2026/07/28
668,668,2733,(株)あらた,東証PRM,"2,636",+16,0.61,"96,300",2026/07/28
669,669,451A,ステート・ストリート・スパイダー S&P500 高配当株ETF,東証ETF,311.8,+1.9,0.61,"10,660",2026/07/28
670,670,6038,(株)イード,東証GRT,827,+5,0.61,"5,100",2026/07/28
671,671,7877,永大化工(株),東証STD,"2,160",+13,0.61,400,2026/07/28
672,672,9279,(株)ギフトホールディングス,東証PRM,"4,965",+30,0.61,"108,700",2026/07/28
673,673,9428,(株)クロップス,東証STD,"1,329",+8,0.61,900,2026/07/28
674,674,325A,(株)ＴＥＮＴＩＡＬ,東証GRT,"1,682",+10,0.6,"269,000",2026/07/28
675,675,7865,ピープル(株),東証STD,336,+2,0.6,"5,000",2026/07/28
676,676,143A,イシン(株),東証GRT,677,+4,0.59,300,2026/07/28
677,677,2108,日本甜菜製糖(株),東証PRM,"5,120",+30,0.59,"32,700",2026/07/28
678,678,2154,(株)オープンアップグループ,東証PRM,"2,052",+12,0.59,"155,300",2026/07/28
679,679,4538,扶桑薬品工業(株),東証PRM,"2,225",+13,0.59,"5,300",2026/07/28
680,680,5988,(株)パイオラックス,東証PRM,"1,715",+10,0.59,"78,500",2026/07/28
681,681,7747,朝日インテック(株),東証PRM,"3,570",+21,0.59,"1,452,800",2026/07/28
682,682,8967,日本ロジスティクスファンド投資法人,東証,"101,900",+600,0.59,"7,879",2026/07/28
683,683,219A,Ｈｅａｒｔｓｅｅｄ(株),東証GRT,"1,727",+10,0.58,"221,000",2026/07/28
684,684,3143,オーウイル(株),東証STD,690,+4,0.58,"3,700",2026/07/28
685,685,8071,東海エレクトロニクス(株),名証MN,"2,960",+17,0.58,"2,100",2026/07/28
686,686,1419,タマホーム(株),東証PRM,"3,015",+17,0.57,"88,800",2026/07/28
687,687,2092,NZAM 上場投信 フランス国債7-10年(H有),東証ETF,"4,586",+26,0.57,2,2026/07/28
688,688,4445,リビン・テクノロジーズ(株),東証GRT,"1,760",+10,0.57,"1,400",2026/07/28
689,689,5271,(株)トーヨーアサノ,東証STD,"2,303",+13,0.57,700,2026/07/28
690,690,1446,(株)キャンディル,東証STD,540,+3,0.56,"4,300",2026/07/28
691,691,1495,上場インデックスファンドアジアリート,東証ETF,"11,730",+65,0.56,974,2026/07/28
692,692,1914,日本基礎技術(株),東証STD,720,+4,0.56,"61,200",2026/07/28
693,693,2769,(株)ヴィレッジヴァンガードコーポレーション,東証STD,890,+5,0.56,"3,600",2026/07/28
694,694,2860,(NEXT FUNDS) ドイツ株式・DAX(H有),東証ETF,"3,205",+18,0.56,"2,675",2026/07/28
695,695,4433,(株)ヒト・コミュニケーションズ・ホールディングス,東証PRM,898,+5,0.56,"43,100",2026/07/28
696,696,5139,オープンワーク(株),東証GRT,892,+5,0.56,"31,700",2026/07/28
697,697,7021,(株)ニッチツ,東証STD,"1,977",+11,0.56,500,2026/07/28
698,698,8984,大和ハウスリート投資法人,東証,"126,000",+700,0.56,"6,658",2026/07/28
699,699,2933,(株)紀文食品,東証PRM,"1,097",+6,0.55,"27,300",2026/07/28
700,700,3096,(株)オーシャンシステム,東証STD,"1,651",+9,0.55,"3,000",2026/07/28
701,701,7508,(株)Ｇ－７ホールディングス,東証PRM,"1,462",+8,0.55,"67,600",2026/07/28
702,702,7524,マルシェ(株),東証STD,184,+1,0.55,"4,800",2026/07/28
703,703,7699,オムニ・プラス・システム,東証GRT外国,727,+4,0.55,100,2026/07/28
704,704,9413,(株)テレビ東京ホールディングス,東証PRM,"3,640",+20,0.55,"104,200",2026/07/28
705,705,9414,日本ＢＳ放送(株),東証STD,921,+5,0.55,"19,500",2026/07/28
706,706,5247,(株)ＢＴＭ,東証GRT,555,+3,0.54,"13,000",2026/07/28
707,707,7698,(株)アイスコ,東証STD,"2,626",+14,0.54,"1,500",2026/07/28
708,708,9331,(株)キャスター,東証GRT,744,+4,0.54,500,2026/07/28
709,709,1925,大和ハウス工業(株),東証PRM,"4,765",+25,0.53,"1,966,300",2026/07/28
710,710,2226,(株)湖池屋,東証STD,"4,780",+25,0.53,"1,500",2026/07/28
711,711,2304,(株)ＣＳＳホールディングス,東証STD,940,+5,0.53,"9,800",2026/07/28
712,712,2480,システム・ロケーション(株),東証STD,"1,709",+9,0.53,"2,400",2026/07/28
713,713,2917,(株)大森屋,東証STD,944,+5,0.53,"1,300",2026/07/28
714,714,3231,野村不動産ホールディングス(株),東証PRM,973.1,+5.1,0.53,"3,134,500",2026/07/28
715,715,4578,大塚ホールディングス(株),東証PRM,"11,385",+60,0.53,"1,541,600",2026/07/28
716,716,5034,(株)ｕｎｅｒｒｙ,東証GRT,"2,285",+12,0.53,"10,900",2026/07/28
717,717,5952,アマテイ(株),東証STD,188,+1,0.53,"9,300",2026/07/28
718,718,7073,(株)ジェイック,東証GRT,"2,483",+13,0.53,"2,400",2026/07/28
719,719,7299,フジオーゼックス(株),東証STD,"1,880",+10,0.53,"37,900",2026/07/28
720,720,7538,(株)大水,東証STD,380,+2,0.53,"1,800",2026/07/28
721,721,7544,(株)スリーエフ,東証STD,564,+3,0.53,"5,100",2026/07/28
722,722,9005,東急(株),東証PRM,"1,801.5",+9.5,0.53,"2,569,400",2026/07/28
723,723,3641,(株)パピレス,東証STD,961,+5,0.52,"3,800",2026/07/28
724,724,4218,ニチバン(株),東証PRM,"1,942",+10,0.52,"16,700",2026/07/28
725,725,5108,(株)ブリヂストン,東証PRM,"3,878",+20,0.52,"4,298,900",2026/07/28
726,726,7313,テイ・エス　テック(株),東証PRM,"1,827.5",+9.5,0.52,"304,800",2026/07/28
727,727,7520,(株)エコス,東証PRM,"2,490",+13,0.52,"10,700",2026/07/28
728,728,9044,(株)ＮＡＮＫＡＩ,東証PRM,"3,080",+16,0.52,"294,100",2026/07/28
729,729,2041,NEXT NOTES NYダウ･ベア･ドルヘッジ ETN,東証ETF,"1,984",+10,0.51,"1,191",2026/07/28
730,730,3913,ＧｒｅｅｎＢｅｅ(株),東証STD,983,+5,0.51,"19,200",2026/07/28
731,731,4206,アイカ工業(株),東証PRM,"3,722",+19,0.51,"267,300",2026/07/28
732,732,4478,フリー(株),東証GRT,"2,563",+13,0.51,"430,900",2026/07/28
733,733,6042,(株)ニッキ,東証STD,"3,920",+20,0.51,400,2026/07/28
734,734,6380,オリエンタルチエン工業(株),東証STD,"3,920",+20,0.51,"70,500",2026/07/28
735,735,6551,(株)ツナググループ・ホールディングス,東証STD,590,+3,0.51,"14,100",2026/07/28
736,736,8541,(株)愛媛銀行,東証PRM,"2,932",+15,0.51,"736,000",2026/07/28
737,737,1450,ＴＡＮＡＫＥＮ(株),東証STD,"1,394",+7,0.5,"2,600",2026/07/28
738,738,2594,キーコーヒー(株),東証PRM,"2,004",+10,0.5,"86,600",2026/07/28
739,739,2683,(株)魚喜,東証STD,"1,013",+5,0.5,"2,500",2026/07/28
740,740,273A,SBI サウジアラビア株式上場投信,東証ETF,"10,000",+50,0.5,137,2026/07/28
741,741,3261,(株)グランディーズ,東証GRT,401,+2,0.5,"4,500",2026/07/28
742,742,5162,(株)朝日ラバー,東証STD,800,+4,0.5,"3,200",2026/07/28
743,743,6063,日本エマージェンシーアシスタンス(株),東証STD,"1,000",+5,0.5,"2,000",2026/07/28
744,744,7483,(株)ドウシシャ,東証PRM,"3,035",+15,0.5,"54,800",2026/07/28
745,745,7513,(株)コジマ,東証PRM,"1,419",+7,0.5,"248,400",2026/07/28
746,746,9324,安田倉庫(株),東証PRM,"2,602",+13,0.5,"71,100",2026/07/28
747,747,1928,積水ハウス(株),東証PRM,"3,657",+18,0.49,"3,290,300",2026/07/28
748,748,2705,(株)大戸屋ホールディングス,東証STD,"8,200",+40,0.49,"13,300",2026/07/28
749,749,3710,ジョルダン(株),東証STD,620,+3,0.49,"1,200",2026/07/28
750,750,4931,新日本製薬(株),東証PRM,"2,055",+10,0.49,"11,500",2026/07/28
751,751,5971,(株)共和工業所,東証STD,"8,150",+40,0.49,300,2026/07/28
752,752,7278,(株)エクセディ,東証PRM,"6,140",+30,0.49,"220,400",2026/07/28
753,753,8217,(株)オークワ,東証PRM,817,+4,0.49,"82,600",2026/07/28
754,754,9075,福山通運(株),東証PRM,"6,140",+30,0.49,"83,200",2026/07/28
755,755,9204,スカイマーク(株),東証GRT,412,+2,0.49,"98,100",2026/07/28
756,756,9913,日邦産業(株),東証STD,"3,070",+15,0.49,"9,700",2026/07/28
757,757,2445,(株)タカミヤ,東証STD,415,+2,0.48,"99,100",2026/07/28
758,758,2613,(株)Ｊ－オイルミルズ,東証PRM,"2,105",+10,0.48,"40,200",2026/07/28
759,759,3679,(株)じげん,東証PRM,415,+2,0.48,"225,200",2026/07/28
760,760,6867,リーダー電子(株),東証STD,419,+2,0.48,"2,200",2026/07/28
761,761,9361,伏木海陸運送(株),東証STD,"2,080",+10,0.48,900,2026/07/28
762,762,168A,(株)イタミアート,東証GRT,"1,067",+5,0.47,"1,300",2026/07/28
763,763,2961,日本調理機(株),東証STD,"6,450",+30,0.47,800,2026/07/28
764,764,459A,野村 高利回りJリート指数ETF,東証ETF,"10,800",+50,0.47,62,2026/07/28
765,765,5256,(株)Ｆｕｓｉｃ,東証GRT,"2,351",+11,0.47,"3,800",2026/07/28
766,766,8801,三井不動産(株),東証PRM,"1,595.5",+7.5,0.47,"9,688,100",2026/07/28
767,767,9636,(株)きんえい,東証STD,"4,280",+20,0.47,"2,600",2026/07/28
768,768,3246,(株)コーセーアールイー,東証STD,662,+3,0.46,"3,700",2026/07/28
769,769,3673,(株)ブロードリーフ,東証PRM,437,+2,0.46,"485,300",2026/07/28
770,770,3934,(株)ベネフィットジャパン,東証STD,"2,180",+10,0.46,900,2026/07/28
771,771,4995,サンケイ化学(株),福証,"1,730",+8,0.46,100,2026/07/28
772,772,7989,立川ブラインド工業(株),東証PRM,"2,645",+12,0.46,"22,400",2026/07/28
773,773,9831,(株)ヤマダホールディングス,東証PRM,739.3,+3.4,0.46,"3,612,700",2026/07/28
774,774,9832,(株)オートバックスセブン,東証PRM,"1,544",+7,0.46,"204,400",2026/07/28
775,775,3451,トーセイ・リート投資法人,東証,"135,300",+600,0.45,513,2026/07/28
776,776,4680,(株)ラウンドワン,東証PRM,"1,239.5",+5.5,0.45,"2,849,500",2026/07/28
777,777,1301,(株)極洋,東証PRM,"4,615",+20,0.44,"26,600",2026/07/28
778,778,2517,MAXIS Jリート･コア上場投信,東証ETF,"1,153",+5,0.44,"23,950",2026/07/28
779,779,2597,(株)ユニカフェ,東証STD,"1,143",+5,0.44,"3,500",2026/07/28
780,780,476A,辻・本郷ＩＴコンサルティング(株),東証STD,"1,600",+7,0.44,"9,500",2026/07/28
781,781,7619,田中商事(株),東証STD,918,+4,0.44,"2,300",2026/07/28
782,782,9037,(株)ハマキョウレックス,東証PRM,"1,830",+8,0.44,"106,400",2026/07/28
783,783,2681,(株)ゲオホールディングス,東証PRM,"2,110",+9,0.43,"113,300",2026/07/28
784,784,3178,チムニー(株),東証STD,"1,163",+5,0.43,"9,900",2026/07/28
785,785,6412,(株)平和,東証PRM,"2,108",+9,0.43,"314,000",2026/07/28
786,786,9408,(株)ＢＳＮメディアホールディングス,東証STD,"2,590",+11,0.43,400,2026/07/28
787,787,9872,北恵(株),東証STD,937,+4,0.43,"3,000",2026/07/28
788,788,2124,ＪＡＣ　Ｒｅｃｒｕｉｔｍｅｎｔ,東証PRM,952,+4,0.42,"1,145,500",2026/07/28
789,789,3083,スターシーズ(株),東証STD,948,+4,0.42,"61,400",2026/07/28
790,790,3571,(株)ソトー,東証STD,714,+3,0.42,"3,300",2026/07/28
791,791,7575,日本ライフライン(株),東証PRM,"1,424",+6,0.42,"162,800",2026/07/28
792,792,9743,(株)丹青社,東証PRM,"1,444",+6,0.42,"711,100",2026/07/28
793,793,9929,平和紙業(株),東証STD,473,+2,0.42,"3,800",2026/07/28
794,794,1840,(株)土屋ホールディングス,東証STD,244,+1,0.41,"6,100",2026/07/28
795,795,2169,ＣＤＳ(株),東証STD,"1,712",+7,0.41,"2,300",2026/07/28
796,796,2305,(株)スタジオアリス,東証STD,"1,981",+8,0.41,"13,300",2026/07/28
797,797,3281,ＧＬＰ投資法人,東証,"146,500",+600,0.41,"9,983",2026/07/28
798,798,3758,(株)アエリア,東証STD,244,+1,0.41,"52,300",2026/07/28
799,799,4720,(株)城南進学研究社,東証STD,243,+1,0.41,"1,300",2026/07/28
800,800,4743,(株)アイティフォー,東証PRM,"1,734",+7,0.41,"65,500",2026/07/28
801,801,509A,グリーンライト・再エネインフラ投資法人,東証,"73,200",+300,0.41,146,2026/07/28
802,802,7222,日産車体(株),東証STD,975,+4,0.41,"62,700",2026/07/28
803,803,7371,Ｚｅｎｋｅｎ(株),東証GRT,741,+3,0.41,"9,100",2026/07/28
804,804,8219,青山商事(株),東証PRM,740,+3,0.41,"613,000",2026/07/28
805,805,8987,ジャパンエクセレント投資法人,東証,"145,300",+600,0.41,"2,817",2026/07/28
806,806,9031,西日本鉄道(株),東証PRM,"3,184",+13,0.41,"200,900",2026/07/28
807,807,2687,(株)シー・ヴイ・エス・ベイエリア,東証STD,496,+2,0.4,"3,900",2026/07/28
808,808,3284,(株)フージャースホールディングス,東証PRM,"1,256",+5,0.4,"115,900",2026/07/28
809,809,3481,三菱地所物流リート投資法人,東証,"125,400",+500,0.4,"2,441",2026/07/28
810,810,3842,(株)ネクストジェン,東証STD,995,+4,0.4,"2,600",2026/07/28
811,811,4428,(株)シノプス,東証GRT,748,+3,0.4,"4,700",2026/07/28
812,812,4746,(株)東計電算,東証STD,"4,970",+20,0.4,"26,800",2026/07/28
813,813,8383,(株)鳥取銀行,東証STD,"1,774",+7,0.4,"38,100",2026/07/28
814,814,9278,ブックオフグループホールディングス(株),東証PRM,"2,733",+11,0.4,"162,600",2026/07/28
815,815,4679,(株)田谷,東証STD,258,+1,0.39,"2,900",2026/07/28
816,816,8097,三愛オブリ(株),東証PRM,"2,340",+9,0.39,"95,300",2026/07/28
817,817,2003,日東富士製粉(株),東証STD,"1,851",+7,0.38,"23,700",2026/07/28
818,818,2291,福留ハム(株),東証STD,527,+2,0.38,"2,400",2026/07/28
819,819,5273,三谷セキサン(株),東証STD,"1,846",+7,0.38,"57,200",2026/07/28
820,820,5461,中部鋼鈑(株),東証PRM,"2,128",+8,0.38,"76,600",2026/07/28
821,821,6040,日本スキー場開発(株),東証GRT,523,+2,0.38,"86,000",2026/07/28
822,822,6776,天昇電気工業(株),東証STD,266,+1,0.38,"4,800",2026/07/28
823,823,7599,(株)ＩＤＯＭ,東証PRM,"1,330",+5,0.38,"542,600",2026/07/28
824,824,7808,(株)シー・エス・ランバー,東証STD,"2,670",+10,0.38,300,2026/07/28
825,825,7809,(株)壽屋,東証STD,"1,312",+5,0.38,"4,400",2026/07/28
826,826,7983,(株)ミロク,東証STD,"1,045",+4,0.38,"1,100",2026/07/28
827,827,9027,(株)ロジネットジャパン,札証,"5,340",+20,0.38,"1,400",2026/07/28
828,828,9823,(株)マミーマートホールディングス,東証STD,"1,050",+4,0.38,"64,400",2026/07/28
829,829,9959,アシードホールディングス(株),東証STD,"1,050",+4,0.38,"6,700",2026/07/28
830,830,2081,政策保有解消推進ETF,東証ETF,"2,199",+8,0.37,"1,602",2026/07/28
831,831,7090,(株)リグア,東証GRT,813,+3,0.37,500,2026/07/28
832,832,2253,GX スーパーディビィデンド-US,東証ETF,"1,400",+5,0.36,"16,614",2026/07/28
833,833,3455,ヘルスケア＆メディカル投資法人,東証,"110,300",+400,0.36,687,2026/07/28
834,834,4371,(株)コアコンセプト・テクノロジー,東証GRT,"1,397",+5,0.36,"25,200",2026/07/28
835,835,7476,アズワン(株),東証PRM,"2,530",+9,0.36,"161,900",2026/07/28
836,836,7938,(株)リーガルコーポレーション,東証STD,"2,239",+8,0.36,"1,100",2026/07/28
837,837,8228,(株)マルイチ産商,名証MN,"1,124",+4,0.36,"2,400",2026/07/28
838,838,9233,アジア航測(株),東証STD,"1,121",+4,0.36,"9,400",2026/07/28
839,839,9740,ＣＳＰ,東証PRM,"2,776",+10,0.36,"25,700",2026/07/28
840,840,2843,上場インデックスファンド豪州国債(H有),東証ETF,"3,724",+13,0.35,34,2026/07/28
841,841,3435,サンコーテクノ(株),東証STD,"1,419",+5,0.35,900,2026/07/28
842,842,3543,(株)コメダホールディングス,東証PRM,"2,897",+10,0.35,"332,000",2026/07/28
843,843,4054,日本情報クリエイト(株),東証GRT,581,+2,0.35,"3,800",2026/07/28
844,844,7039,ブリッジインターナショナルグループ(株),東証GRT,"1,729",+6,0.35,"17,200",2026/07/28
845,845,7129,ミアヘルサホールディングス(株),東証STD,"1,159",+4,0.35,"1,700",2026/07/28
846,846,7259,(株)アイシン,東証PRM,"2,408.5",+8.5,0.35,"1,973,900",2026/07/28
847,847,7516,コーナン商事(株),東証PRM,"4,275",+15,0.35,"89,200",2026/07/28
848,848,1793,(株)大本組,東証STD,"2,052",+7,0.34,"1,300",2026/07/28
849,849,2499,日本和装ホールディングス(株),東証STD,296,+1,0.34,"3,400",2026/07/28
850,850,3553,共和レザー(株),東証STD,888,+3,0.34,"30,400",2026/07/28
851,851,3566,ユニフォームネクスト(株),東証GRT,878,+3,0.34,"7,400",2026/07/28
852,852,4925,(株)ハーバー研究所,東証STD,"1,748",+6,0.34,700,2026/07/28
853,853,6088,(株)シグマクシス・ホールディングス,東証PRM,592,+2,0.34,"428,100",2026/07/28
854,854,7361,(株)ヒューマンクリエイションホールディングス,東証GRT,"1,198",+4,0.34,"4,800",2026/07/28
855,855,9259,(株)タカヨシホールディングス,東証GRT,876,+3,0.34,"10,900",2026/07/28
856,856,2170,(株)リンクアンドモチベーション,東証PRM,612,+2,0.33,"350,800",2026/07/28
857,857,234A,GX MSCI キャッシュフローキング-日本株式,東証ETF,"1,510",+5,0.33,"46,676",2026/07/28
858,858,2590,ダイドーグループホールディングス(株),東証PRM,"3,015",+10,0.33,"110,300",2026/07/28
859,859,3223,(株)エスエルディー,東証STD,922,+3,0.33,"1,300",2026/07/28
860,860,3280,(株)エストラスト,東証STD,910,+3,0.33,"7,600",2026/07/28
861,861,3289,東急不動産ホールディングス(株),東証PRM,"1,375",+4.5,0.33,"3,145,200",2026/07/28
862,862,3466,ラサールロジポート投資法人,東証,"153,800",+500,0.33,"4,541",2026/07/28
863,863,3675,(株)クロス・マーケティンググループ,東証STD,602,+2,0.33,"11,800",2026/07/28
864,864,3771,(株)システムリサーチ,東証PRM,"1,847",+6,0.33,"87,700",2026/07/28
865,865,4477,ＢＡＳＥ(株),東証GRT,306,+1,0.33,"731,700",2026/07/28
866,866,7604,(株)梅の花グループ,東証STD,902,+3,0.33,"5,700",2026/07/28
867,867,9767,日建工学(株),東証STD,"1,511",+5,0.33,800,2026/07/28
868,868,9853,(株)銀座ルノアール,東証STD,910,+3,0.33,400,2026/07/28
869,869,1675,WisdomTree パラジウム上場投信,東証ETF,"18,950",+60,0.32,279,2026/07/28
870,870,2168,(株)パソナグループ,東証PRM,"1,580",+5,0.32,"159,500",2026/07/28
871,871,2498,(株)オリエンタルコンサルタンツホールディングス,東証STD,"3,175",+10,0.32,100,2026/07/28
872,872,2565,GX ロジスティクス・J-REIT,東証ETF,945,+3,0.32,"122,580",2026/07/28
873,873,2908,フジッコ(株),東証PRM,"1,582",+5,0.32,"73,600",2026/07/28
874,874,3082,(株)きちりホールディングス,東証STD,949,+3,0.32,"7,700",2026/07/28
875,875,3360,シップヘルスケアホールディングス(株),東証PRM,"2,509.5",+8,0.32,"346,500",2026/07/28
876,876,3393,スターティアホールディングス(株),東証PRM,"3,105",+10,0.32,"18,900",2026/07/28
877,877,4527,ロート製薬(株),東証PRM,"2,379.5",+7.5,0.32,"1,140,400",2026/07/28
878,878,4666,パーク２４(株),東証PRM,"2,020",+6.5,0.32,"656,500",2026/07/28
879,879,4725,(株)ＣＡＣ　Ｈｏｌｄｉｎｇｓ,東証PRM,"1,854",+6,0.32,"46,700",2026/07/28
880,880,5482,愛知製鋼(株),東証PRM,"3,175",+10,0.32,"174,100",2026/07/28
881,881,6289,(株)技研製作所,東証PRM,"1,900",+6,0.32,"63,100",2026/07/28
882,882,7126,グローバルスタイル(株),東証STD,"1,552",+5,0.32,"16,200",2026/07/28
883,883,7460,(株)ヤギ,東証STD,"1,856",+6,0.32,"27,700",2026/07/28
884,884,7863,(株)平賀,東証STD,947,+3,0.32,100,2026/07/28
885,885,9033,広島電鉄(株),東証STD,624,+2,0.32,"5,500",2026/07/28
886,886,9159,(株)Ｗ　ＴＯＫＹＯ,東証GRT,"1,896",+6,0.32,"3,300",2026/07/28
887,887,1691,WisdomTree ガソリン上場投信,東証ETF,"14,700",+45,0.31,117,2026/07/28
888,888,2114,フジ日本(株),東証STD,642,+2,0.31,"8,700",2026/07/28
889,889,2208,(株)ブルボン,東証STD,"3,185",+10,0.31,"5,100",2026/07/28
890,890,2749,(株)ＪＰホールディングス,東証PRM,638,+2,0.31,"185,000",2026/07/28
891,891,3169,(株)ミサワ,東証STD,648,+2,0.31,"4,700",2026/07/28
892,892,3295,ヒューリックリート投資法人,東証,"161,400",+500,0.31,"2,234",2026/07/28
893,893,3472,日本ホテル＆レジデンシャル投資法人,東証,"65,400",+200,0.31,"1,105",2026/07/28
894,894,4707,(株)キタック,東証STD,328,+1,0.31,"8,000",2026/07/28
895,895,6045,(株)レントラックス,東証GRT,"1,618",+5,0.31,"8,700",2026/07/28
896,896,6322,(株)タクミナ,東証STD,"1,607",+5,0.31,"1,000",2026/07/28
897,897,6620,宮越ホールディングス(株),東証PRM,651,+2,0.31,"97,200",2026/07/28
898,898,7847,(株)グラファイトデザイン,東証STD,642,+2,0.31,"6,100",2026/07/28
899,899,8929,(株)青山財産ネットワークス,東証STD,"1,278",+4,0.31,"53,300",2026/07/28
900,900,9345,ビズメイツ(株),東証GRT,650,+2,0.31,"1,300",2026/07/28
901,901,1853,(株)森組,東証STD,335,+1,0.3,"136,300",2026/07/28
902,902,383A,MAXIS S&P500均等ウェイト,東証ETF,"2,686",+8,0.3,170,2026/07/28
903,903,4595,(株)ミズホメディー,東証STD,"1,676",+5,0.3,"61,900",2026/07/28
904,904,5368,日本インシュレーション(株),東証STD,"1,002",+3,0.3,"10,100",2026/07/28
905,905,5987,(株)オーネックス,東証STD,"1,681",+5,0.3,200,2026/07/28
906,906,6577,(株)ベストワンドットコム,東証GRT,"2,352",+7,0.3,"8,100",2026/07/28
907,907,7119,(株)ハルメクホールディングス,東証GRT,"1,690",+5,0.3,"3,700",2026/07/28
908,908,7846,(株)パイロットコーポレーション,東証PRM,"1,817",+5.5,0.3,"168,400",2026/07/28
909,909,8283,(株)ＰＡＬＴＡＣ,東証PRM,"6,640",+20,0.3,"127,700",2026/07/28
910,910,9417,(株)スマートバリュー,東証STD,331,+1,0.3,"16,300",2026/07/28
911,911,3488,セントラル・リート投資法人,東証,"105,400",+300,0.29,726,2026/07/28
912,912,387A,フラー(株),東証GRT,"1,020",+3,0.29,"4,000",2026/07/28
913,913,4234,(株)サンエー化研,東証STD,697,+2,0.29,"1,000",2026/07/28
914,914,5946,(株)長府製作所,東証PRM,"2,107",+6,0.29,"42,100",2026/07/28
915,915,6225,(株)エコム,名証MN,"2,040",+6,0.29,500,2026/07/28
916,916,6558,クックビズ(株),東証GRT,697,+2,0.29,200,2026/07/28
917,917,7050,(株)フロンティアインターナショナル,東証GRT,"1,379",+4,0.29,"2,900",2026/07/28
918,918,7134,(株)アップガレージグループ,東証STD,"1,402",+4,0.29,"1,700",2026/07/28
919,919,7621,(株)うかい,東証STD,"3,415",+10,0.29,"1,700",2026/07/28
920,920,8174,日本瓦斯(株),東証PRM,"2,933",+8.5,0.29,"325,700",2026/07/28
921,921,8956,NTT都市開発リート投資法人,東証,"137,700",+400,0.29,"3,818",2026/07/28
922,922,2698,(株)キャンドゥ,東証STD,"3,575",+10,0.28,"10,400",2026/07/28
923,923,2979,SOSiLA物流リート投資法人,東証,"108,600",+300,0.28,"2,067",2026/07/28
924,924,3276,(株)ＪＰＭＣ,東証PRM,"1,800",+5,0.28,"77,800",2026/07/28
925,925,3291,飯田グループホールディングス(株),東証PRM,"2,340.5",+6.5,0.28,"560,200",2026/07/28
926,926,3487,CREロジスティクスファンド投資法人,東証,"144,400",+400,0.28,"1,111",2026/07/28
927,927,4270,(株)ＢｅｅＸ,東証GRT,"1,803",+5,0.28,"1,300",2026/07/28
928,928,4507,塩野義製薬(株),東証PRM,"2,902.5",+8,0.28,"2,128,300",2026/07/28
929,929,5035,ＨＯＵＳＥＩ(株),東証GRT,357,+1,0.28,900,2026/07/28
930,930,7388,(株)ＦＰパートナー,東証PRM,"2,158",+6,0.28,"41,600",2026/07/28
931,931,9697,(株)カプコン,東証PRM,"3,529",+10,0.28,"3,345,400",2026/07/28
932,932,2877,日東ベスト(株),東証STD,742,+2,0.27,"2,300",2026/07/28
933,933,2916,仙波糖化工業(株),東証STD,746,+2,0.27,"3,900",2026/07/28
934,934,3471,三井不動産ロジスティクスパーク投資法人,東証,"112,600",+300,0.27,"6,438",2026/07/28
935,935,4709,(株)ＩＤホールディングス,東証PRM,"1,131",+3,0.27,"36,200",2026/07/28
936,936,6594,ニデック(株),東証PRM,"2,564",+7,0.27,"6,637,100",2026/07/28
937,937,7412,(株)アトム,東証STD,370,+1,0.27,"308,200",2026/07/28
938,938,7422,東邦レマック(株),東証STD,365,+1,0.27,"3,000",2026/07/28
939,939,1375,ユキグニファクトリー(株),東証PRM,"1,164",+3,0.26,"40,100",2026/07/28
940,940,2258,iシェアーズ 米ドル建てハイイールド社債,東証ETF,231,+0.6,0.26,"149,670",2026/07/28
941,941,2751,(株)テンポスホールディングス,東証STD,"3,870",+10,0.26,"7,400",2026/07/28
942,942,431A,ユーソナー(株),東証GRT,"1,950",+5,0.26,"18,700",2026/07/28
943,943,496A,One ETF 日本国債 17-20年,東証ETF,948,+2.5,0.26,"6,030",2026/07/28
944,944,537A,NZAM 上場投信 全世界株式(MSCI ACWI)(H無),東証ETF,"1,166",+3,0.26,100,2026/07/28
945,945,5440,共英製鋼(株),東証PRM,"1,935",+5,0.26,"122,600",2026/07/28
946,946,6233,ＫＬＡＳＳ(株),東証STD,387,+1,0.26,400,2026/07/28
947,947,7372,(株)デコルテ・ホールディングス,東証GRT,381,+1,0.26,"2,800",2026/07/28
948,948,7596,(株)魚力,東証PRM,"2,326",+6,0.26,"10,100",2026/07/28
949,949,8037,カメイ(株),東証PRM,"3,790",+10,0.26,"62,100",2026/07/28
950,950,9793,(株)ダイセキ,東証PRM,"3,845",+10,0.26,"129,800",2026/07/28
951,951,2179,(株)成学社,東証STD,811,+2,0.25,"1,000",2026/07/28
952,952,2654,(株)アスモ,東証STD,402,+1,0.25,"7,600",2026/07/28
953,953,4168,(株)ヤプリ,東証GRT,797,+2,0.25,"46,700",2026/07/28
954,954,4299,(株)ハイマックス,東証STD,"1,218",+3,0.25,"7,500",2026/07/28
955,955,6753,シャープ(株),東証PRM,610.2,+1.5,0.25,"3,513,000",2026/07/28
956,956,9245,(株)リベロ,東証GRT,"2,000",+5,0.25,"5,400",2026/07/28
957,957,9376,(株)ユーラシア旅行社,東証STD,809,+2,0.25,900,2026/07/28
958,958,9856,(株)ケーユーホールディングス,東証STD,"1,213",+3,0.25,"49,800",2026/07/28
959,959,238A,iシェアーズ 米国債25年超 ロングデュレーション(H有),東証ETF,125.6,+0.3,0.24,"421,110",2026/07/28
960,960,3287,星野リゾート・リート投資法人,東証,"247,300",+600,0.24,"1,013",2026/07/28
961,961,3416,ピクスタ(株),東証STD,837,+2,0.24,900,2026/07/28
962,962,3492,MIRARTH不動産投資法人,東証,"83,500",+200,0.24,"4,871",2026/07/28
963,963,4442,バルテス・ホールディングス(株),東証GRT,410,+1,0.24,"30,100",2026/07/28
964,964,4619,日本特殊塗料(株),東証STD,"2,461",+6,0.24,"21,700",2026/07/28
965,965,4811,(株)ドリーム・アーツ,東証GRT,828,+2,0.24,"16,300",2026/07/28
966,966,5388,クニミネ工業(株),東証STD,"1,248",+3,0.24,"1,700",2026/07/28
967,967,5621,(株)ヒューマンテクノロジーズ,東証GRT,"1,661",+4,0.24,"29,900",2026/07/28
968,968,7215,(株)ファルテック,東証STD,422,+1,0.24,"2,400",2026/07/28
969,969,9223,(株)ＡＳＮＯＶＡ,東証GRT,421,+1,0.24,"3,800",2026/07/28
970,970,1573,中国H株ベア上場投信,東証ETF,"8,588",+20,0.23,170,2026/07/28
971,971,2015,iFreeETF 米国国債7-10年(H無),東証ETF,"2,216",+5,0.23,"22,176",2026/07/28
972,972,2043,NEXT NOTES STOXX アセアン好配当50(円、NR)ETN,東証ETF,"30,910",+70,0.23,35,2026/07/28
973,973,2645,GX レジャー&エンターテインメント-日本株式,東証ETF,"3,011",+7,0.23,380,2026/07/28
974,974,2862,上場インデックスファンドフランス国債(H有),東証ETF,"3,925",+9,0.23,"1,575",2026/07/28
975,975,3670,協立情報通信(株),名証MN,"1,745",+4,0.23,100,2026/07/28
976,976,4645,(株)市進ホールディングス,東証STD,432,+1,0.23,700,2026/07/28
977,977,7037,(株)テノ．ホールディングス,東証STD,866,+2,0.23,"2,500",2026/07/28
978,978,7066,(株)ピアズ,東証GRT,434,+1,0.23,"7,700",2026/07/28
979,979,7383,(株)ネットプロテクションズホールディングス,東証PRM,431,+1,0.23,"544,100",2026/07/28
980,980,7643,(株)ダイイチ,東証STD,"1,708",+4,0.23,"1,400",2026/07/28
981,981,7775,大研医器(株),東証STD,428,+1,0.23,"24,200",2026/07/28
982,982,7823,(株)アートネイチャー,東証STD,885,+2,0.23,"30,700",2026/07/28
983,983,7906,ヨネックス(株),東証STD,"2,619",+6,0.23,"319,900",2026/07/28
984,984,8214,(株)ＡＯＫＩホールディングス,東証PRM,"1,729",+4,0.23,"220,800",2026/07/28
985,985,9250,(株)ＧＲＣＳ,東証GRT,887,+2,0.23,500,2026/07/28
986,986,9706,日本空港ビルデング(株),東証PRM,"5,613",+13,0.23,"311,600",2026/07/28
987,987,9735,セコム(株),東証PRM,"6,924",+16,0.23,"1,540,500",2026/07/28
988,988,9942,(株)ジョイフル,福証,"1,288",+3,0.23,"5,300",2026/07/28
989,989,2112,塩水港精糖(株),東証STD,452,+1,0.22,"28,900",2026/07/28
990,990,2256,iシェアーズ 米国総合債券,東証ETF,227.7,+0.5,0.22,"46,600",2026/07/28
991,991,2934,ジェイフロンティア(株),東証GRT,"1,809",+4,0.22,"11,000",2026/07/28
992,992,3480,(株)ジェイ・エス・ビー,東証PRM,"9,000",+20,0.22,"17,400",2026/07/28
993,993,6062,(株)チャーム・ケア・コーポレーション,東証PRM,"1,376",+3,0.22,"54,600",2026/07/28
994,994,6238,フリュー(株),東証PRM,"1,392",+3,0.22,"81,000",2026/07/28
995,995,6942,(株)ソフィアホールディングス,東証STD,"1,372",+3,0.22,"2,300",2026/07/28
996,996,7638,(株)ＮＥＷ　ＡＲＴ　ＨＯＬＤＩＮＧＳ,東証STD,"1,373",+3,0.22,"10,600",2026/07/28
997,997,9251,(株)ＡＢ＆Ｃｏｍｐａｎｙ,東証GRT,"1,356",+3,0.22,"22,700",2026/07/28
998,998,9733,(株)ナガセ,東証STD,"2,305",+5,0.22,"31,000",2026/07/28
999,999,1444,(株)ニッソウ,東証GRT,"2,833",+6,0.21,"4,400",2026/07/28
1000,1000,1633,(NEXT FUNDS)不動産上場投信,東証ETF,"52,400",+110,0.21,150,2026/07/28
1001,1001,2097,GX レジデンシャル・J-REIT,東証ETF,977,+2,0.21,"82,028",2026/07/28
1002,1002,2784,アルフレッサ　ホールディングス(株),東証PRM,"2,414",+5,0.21,"470,200",2026/07/28
1003,1003,3279,アクティビア・プロパティーズ投資法人,東証,"142,900",+300,0.21,"5,688",2026/07/28
1004,1004,4287,(株)ジャストプランニング,東証STD,473,+1,0.21,"3,500",2026/07/28
1005,1005,443A,iFreeETF 東証REIT指数(2・5・8・11月決算型),東証ETF,"1,952",+4,0.21,"40,982",2026/07/28
1006,1006,5125,(株)ファインズ,東証GRT,485,+1,0.21,"4,100",2026/07/28
1007,1007,6544,ジャパンエレベーターサービスホールディングス(株),東証PRM,"1,692.5",+3.5,0.21,"743,800",2026/07/28
1008,1008,9090,ＡＺ－ＣＯＭ丸和ホールディングス(株),東証PRM,934,+2,0.21,"451,700",2026/07/28
1009,1009,9282,いちごグリーンインフラ投資法人,東証,"47,350",+100,0.21,160,2026/07/28
1010,1010,1379,ホクト(株),東証PRM,"1,958",+4,0.2,"102,300",2026/07/28
1011,1011,2866,GX 米国優先証券,東証ETF,"1,013",+2,0.2,"32,412",2026/07/28
1012,1012,304A,フォルシア(株),東証GRT,"2,010",+4,0.2,700,2026/07/28
1013,1013,3242,(株)アーバネットコーポレーション,東証STD,505,+1,0.2,"121,900",2026/07/28
1014,1014,3692,(株)ＦＦＲＩセキュリティ,東証GRT,"4,890",+10,0.2,"73,500",2026/07/28
1015,1015,3863,日本製紙(株),東証PRM,"1,505",+3,0.2,"728,600",2026/07/28
1016,1016,436A,サイバーソリューションズ(株),東証GRT,"1,023",+2,0.2,"11,900",2026/07/28
1017,1017,600A,ニッセイ ETF ラッセル2000,東証ETF,"2,006",+4,0.2,28,2026/07/28
1018,1018,6257,(株)藤商事,東証STD,"1,027",+2,0.2,"13,100",2026/07/28
1019,1019,7241,フタバ産業(株),東証PRM,"1,020",+2,0.2,"228,800",2026/07/28
1020,1020,7374,(株)コンフィデンス・インターワークス,東証GRT,"1,530",+3,0.2,"8,000",2026/07/28
1021,1021,7593,ＶＴホールディングス(株),東証PRM,490,+1,0.2,"306,200",2026/07/28
1022,1022,8725,ＭＳ＆ＡＤインシュアランスグループホールディングス(株),東証PRM,"5,039",+10,0.2,"4,544,500",2026/07/28
1023,1023,9416,(株)ビジョン,東証PRM,"1,023",+2,0.2,"276,600",2026/07/28
1024,1024,9887,(株)松屋フーズホールディングス,東証PRM,"5,100",+10,0.2,"64,000",2026/07/28
1025,1025,9986,蔵王産業(株),東証STD,"2,505",+5,0.2,"1,900",2026/07/28
1026,1026,2566,上場インデックスファンド日経ESGリート,東証ETF,"1,069",+2,0.19,"16,194",2026/07/28
1027,1027,2626,GX デジタル・イノベーション-日本株式,東証ETF,"3,090",+6,0.19,"5,686",2026/07/28
1028,1028,3034,クオールホールディングス(株),東証PRM,"2,132",+4,0.19,"172,500",2026/07/28
1029,1029,3690,(株)イルグルム,東証STD,535,+1,0.19,"3,200",2026/07/28
1030,1030,3772,ウェルス・マネジメント(株),東証STD,"1,055",+2,0.19,"18,000",2026/07/28
1031,1031,590A,ギフティグループ(株),東証PRM,"1,043",+2,0.19,"209,900",2026/07/28
1032,1032,8410,(株)セブン銀行,東証PRM,320.7,+0.6,0.19,"6,164,400",2026/07/28
1033,1033,8891,ＡＭＧホールディングス(株),東証STD,"2,109",+4,0.19,"1,500",2026/07/28
1034,1034,9313,丸八倉庫(株),東証STD,"1,056",+2,0.19,"1,700",2026/07/28
1035,1035,9364,(株)上組,東証PRM,"5,248",+10,0.19,"331,600",2026/07/28
1036,1036,9788,(株)ナック,東証PRM,539,+1,0.19,"40,400",2026/07/28
1037,1037,9845,(株)パーカーコーポレーション,東証STD,"1,575",+3,0.19,"6,500",2026/07/28
1038,1038,2091,NZAM 上場投信 ドイツ国債7-10年(H有),東証ETF,"4,523",+8,0.18,2,2026/07/28
1039,1039,236A,iシェアーズ 日本国債7-10年,東証ETF,441.1,+0.8,0.18,"3,960",2026/07/28
1040,1040,277A,グロービング(株),東証PRM,"1,631",+3,0.18,"306,500",2026/07/28
1041,1041,2911,旭松食品(株),東証STD,"2,270",+4,0.18,"1,000",2026/07/28
1042,1042,3945,スーパーバッグ(株),東証STD,"2,244",+4,0.18,200,2026/07/28
1043,1043,4441,トビラシステムズ(株),東証STD,"1,653",+3,0.18,"54,800",2026/07/28
1044,1044,4465,(株)ニイタカ,東証STD,"2,242",+4,0.18,"7,200",2026/07/28
1045,1045,4733,(株)オービックビジネスコンサルタント,東証PRM,"8,001",+14,0.18,"335,400",2026/07/28
1046,1046,7276,(株)小糸製作所,東証PRM,"2,525",+4.5,0.18,"780,100",2026/07/28
1047,1047,7309,(株)シマノ,東証PRM,"19,085",+35,0.18,"471,500",2026/07/28
1048,1048,8742,(株)小林洋行,東証STD,551,+1,0.18,"5,300",2026/07/28
1049,1049,8945,サンネクスタグループ(株),東証STD,"1,094",+2,0.18,900,2026/07/28
1050,1050,9010,富士急行(株),東証PRM,"2,741",+5,0.18,"168,000",2026/07/28
1051,1051,9365,トレーディア(株),東証STD,"1,652",+3,0.18,"1,900",2026/07/28
1052,1052,2527,NZAM 上場投信 東証REIT Core指数,東証ETF,"1,153",+2,0.17,"152,967",2026/07/28
1053,1053,2528,iFreeETF 東証REIT Core指数,東証ETF,"1,147",+2,0.17,"71,250",2026/07/28
1054,1054,2971,エスコンジャパンリート投資法人,東証,"117,900",+200,0.17,558,2026/07/28
1055,1055,3769,ＧＭＯペイメントゲートウェイ(株),東証PRM,"9,855",+17,0.17,"220,400",2026/07/28
1056,1056,495A,One ETF 日本国債 7-10年,東証ETF,974.7,+1.7,0.17,20,2026/07/28
1057,1057,5280,ヨシコン(株),東証STD,"2,320",+4,0.17,"12,100",2026/07/28
1058,1058,7426,(株)山大,東証STD,600,+1,0.17,600,2026/07/28
1059,1059,9993,(株)ヤマザワ,東証STD,"1,181",+2,0.17,"2,500",2026/07/28
1060,1060,2012,iシェアーズ 米国債0-3カ月 ETF,東証ETF,248.3,+0.4,0.16,"165,230",2026/07/28
1061,1061,2424,(株)ブラス,東証STD,631,+1,0.16,"4,500",2026/07/28
1062,1062,3834,(株)朝日ネット,東証PRM,641,+1,0.16,"33,100",2026/07/28
1063,1063,4481,ベース(株),東証PRM,"3,200",+5,0.16,"82,300",2026/07/28
1064,1064,4491,コンピューターマネージメント(株),東証STD,"3,140",+5,0.16,500,2026/07/28
1065,1065,4926,(株)シーボン,東証STD,"1,235",+2,0.16,600,2026/07/28
1066,1066,5607,中央可鍛工業(株),名証MN,617,+1,0.16,"9,600",2026/07/28
1067,1067,571A,iシェアーズ 日本国債1-3年,東証ETF,501.1,+0.8,0.16,10,2026/07/28
1068,1068,7219,(株)エッチ・ケー・エス,東証STD,"2,530",+4,0.16,300,2026/07/28
1069,1069,7685,(株)ＢｕｙＳｅｌｌ　Ｔｅｃｈｎｏｌｏｇｉｅｓ,東証GRT,"3,080",+5,0.16,"251,500",2026/07/28
1070,1070,8421,信金中央金庫,東証,"186,000",+300,0.16,209,2026/07/28
1071,1071,9220,エフビー介護サービス(株),東証STD,"1,222",+2,0.16,500,2026/07/28
1072,1072,9723,(株)京都ホテル,東証STD,639,+1,0.16,"1,500",2026/07/28
1073,1073,9790,福井コンピュータホールディングス(株),東証PRM,"3,135",+5,0.16,"35,800",2026/07/28
1074,1074,1343,(NEXT FUNDS)東証REIT指数連動型上場投信,東証ETF,"2,042.5",+3,0.15,"1,151,710",2026/07/28
1075,1075,2093,上場Tracers 米国債0-2年ラダー(H無),東証ETF,"5,459",+8,0.15,151,2026/07/28
1076,1076,2428,ウェルネット(株),東証STD,648,+1,0.15,"32,700",2026/07/28
1077,1077,2623,iシェアーズ ユーロ建て投資適格社債(H有),東証ETF,"1,945",+3,0.15,161,2026/07/28
1078,1078,2647,(NEXT FUNDS)ブルームバーグ米国国債(7-10年)(H無),東証ETF,"6,062",+9,0.15,"40,846",2026/07/28
1079,1079,3419,アートグリーン(株),名証NXT,"1,986",+3,0.15,"1,000",2026/07/28
1080,1080,3513,イチカワ(株),東証STD,"3,385",+5,0.15,500,2026/07/28
1081,1081,3800,(株)ユニリタ,東証STD,"1,960",+3,0.15,700,2026/07/28
1082,1082,4262,ニフティライフスタイル(株),東証GRT,"1,362",+2,0.15,"4,100",2026/07/28
1083,1083,4331,(株)テイクアンドギヴ・ニーズ,東証PRM,678,+1,0.15,"187,100",2026/07/28
1084,1084,5355,日本ルツボ(株),東証STD,681,+1,0.15,"1,600",2026/07/28
1085,1085,6111,旭精機工業(株),名証MN,"2,022",+3,0.15,300,2026/07/28
1086,1086,8039,築地魚市場(株),東証STD,"3,445",+5,0.15,"3,000",2026/07/28
1087,1087,2564,GX MSCIスーパーディビィデンド-日本株式,東証ETF,"3,538",+5,0.14,"27,374",2026/07/28
1088,1088,2864,GX ロジスティクス・REIT,東証ETF,"1,472",+2,0.14,1,2026/07/28
1089,1089,3166,ＯＣＨＩホールディングス(株),東証STD,"1,423",+2,0.14,"1,800",2026/07/28
1090,1090,343A,(株)ＩＡＣＥトラベル,東証STD,"1,400",+2,0.14,"5,300",2026/07/28
1091,1091,4694,(株)ビー・エム・エル,東証PRM,"3,610",+5,0.14,"62,200",2026/07/28
1092,1092,7296,(株)エフ・シー・シー,東証PRM,"3,690",+5,0.14,"103,300",2026/07/28
1093,1093,7674,(株)ＮＡＴＴＹ　ＳＷＡＮＫＹホールディングス,東証GRT,"2,814",+4,0.14,"4,300",2026/07/28
1094,1094,8554,(株)南日本銀行,福証,"1,432",+2,0.14,"3,500",2026/07/28
1095,1095,1626,(NEXT FUNDS)情報通信･サービス上場投信,東証ETF,"44,660",+60,0.13,"1,040",2026/07/28
1096,1096,1762,(株)高松コンストラクショングループ,東証PRM,"3,845",+5,0.13,"52,200",2026/07/28
1097,1097,211A,(株)カドス・コーポレーション,東証STD,"3,855",+5,0.13,"7,400",2026/07/28
1098,1098,2245,(NEXT FUNDS) ブルームバーグ 独国債(7-10年)(H有),東証ETF,707.3,+0.9,0.13,200,2026/07/28
1099,1099,2620,iシェアーズ 米国債1-3年,東証ETF,378.3,+0.5,0.13,"146,210",2026/07/28
1100,1100,2838,MAXIS 米国国債7-10年上場投信(H無),東証ETF,"9,050",+12,0.13,"11,748",2026/07/28
1101,1101,286A,(株)ユカリア,東証GRT,801,+1,0.13,"42,500",2026/07/28
1102,1102,381A,iFreeETF 米国国債3-5年(H無),東証ETF,"2,266",+3,0.13,19,2026/07/28
1103,1103,3854,(株)アイル,東証PRM,"2,300",+3,0.13,"119,300",2026/07/28
1104,1104,4318,(株)クイック,東証PRM,790,+1,0.13,"67,900",2026/07/28
1105,1105,7062,(株)フレアス,東証GRT,786,+1,0.13,"1,200",2026/07/28
1106,1106,7636,(株)ハンズマン,東証STD,775,+1,0.13,"13,400",2026/07/28
1107,1107,1676,WisdomTree 貴金属バスケット上場投信,東証ETF,"40,150",+50,0.12,29,2026/07/28
1108,1108,2090,NZAM 上場投信 米国国債7-10年(H有),東証ETF,"4,322",+5,0.12,"1,190",2026/07/28
1109,1109,2927,(株)ＡＦＣ－ＨＤアムスライフサイエンス,東証STD,862,+1,0.12,"15,900",2026/07/28
1110,1110,3035,ケイティケイ(株),東証STD,811,+1,0.12,"8,400",2026/07/28
1111,1111,3196,(株)ホットランドホールディングス,東証PRM,"1,663",+2,0.12,"152,500",2026/07/28
1112,1112,3476,投資法人みらい,東証,"42,300",+50,0.12,"3,950",2026/07/28
1113,1113,3848,(株)データ・アプリケーション,東証STD,830,+1,0.12,"5,300",2026/07/28
1114,1114,3955,(株)イムラ,東証STD,835,+1,0.12,"2,000",2026/07/28
1115,1115,4171,(株)グローバルインフォメーション,東証STD,"1,667",+2,0.12,"1,100",2026/07/28
1116,1116,5101,横浜ゴム(株),東証PRM,"7,547",+9,0.12,"732,100",2026/07/28
1117,1117,7427,エコートレーディング(株),東証STD,824,+1,0.12,"3,200",2026/07/28
1118,1118,7682,(株)浜木綿,東証STD,"4,100",+5,0.12,"5,700",2026/07/28
1119,1119,8007,高島(株),東証PRM,805,+1,0.12,"153,100",2026/07/28
1120,1120,8960,ユナイテッド・アーバン投資法人,東証,"166,600",+200,0.12,"11,034",2026/07/28
1121,1121,2185,(株)シイエム・シイ,東証STD,"1,882",+2,0.11,"1,100",2026/07/28
1122,1122,2259,iシェアーズ フランス国債7-10年(H有),東証ETF,181.4,+0.2,0.11,70,2026/07/28
1123,1123,2902,太陽化学(株),名証MN,"2,633",+3,0.11,"2,000",2026/07/28
1124,1124,3175,(株)エー・ピーホールディングス,東証STD,942,+1,0.11,"5,600",2026/07/28
1125,1125,489A,東証REIT物流フォーカスETF,東証ETF,930,+1,0.11,98,2026/07/28
1126,1126,7509,アイエーグループ(株),東証STD,"4,705",+5,0.11,200,2026/07/28
1127,1127,9219,(株)ギックス,東証GRT,872,+1,0.11,"2,000",2026/07/28
1128,1128,9713,(株)ロイヤルホテル,東証STD,905,+1,0.11,"5,600",2026/07/28
1129,1129,9849,(株)共同紙販ホールディングス,東証STD,"4,515",+5,0.11,200,2026/07/28
1130,1130,140A,iFreeETF 米国10年国債先物インバース,東証ETF,"2,017",+2,0.1,503,2026/07/28
1131,1131,1438,(株)岐阜造園,東証STD,"1,940",+2,0.1,500,2026/07/28
1132,1132,1499,MAXIS 日本株高配当70マーケットニュートラル,東証ETF,"9,184",+9,0.1,123,2026/07/28
1133,1133,2163,(株)アルトナー,東証PRM,"2,013",+2,0.1,"15,100",2026/07/28
1134,1134,2255,iシェアーズ 米国債20年超,東証ETF,209.6,+0.2,0.1,"94,430",2026/07/28
1135,1135,2561,iシェアーズ・コア 日本国債 ETF,東証ETF,"1,998",+2,0.1,"2,909",2026/07/28
1136,1136,2621,iシェアーズ 米国債20年超(H有),東証ETF,"1,013",+1,0.1,"210,472",2026/07/28
1137,1137,2989,東海道リート投資法人,東証,"103,400",+100,0.1,"1,445",2026/07/28
1138,1138,5845,全保連(株),東証STD,"1,020",+1,0.1,"32,100",2026/07/28
1139,1139,5901,東洋製罐グループホールディングス(株),東証PRM,"4,150",+4,0.1,"210,500",2026/07/28
1140,1140,6082,(株)ライドオンエクスプレスホールディングス,東証STD,997,+1,0.1,"7,800",2026/07/28
1141,1141,9640,(株)セゾンテクノロジー,東証STD,"2,079",+2,0.1,"2,100",2026/07/28
1142,1142,9846,(株)天満屋ストア,東証STD,"1,003",+1,0.1,"2,700",2026/07/28
1143,1143,133A,GX 超短期米国債,東証ETF,"1,107",+1,0.09,"85,758",2026/07/28
1144,1144,1651,iFreeETF TOPIX高配当40指数,東証ETF,"3,277",+3,0.09,"50,899",2026/07/28
1145,1145,1693,WisdomTree 銅上場投信,東証ETF,"8,933",+8,0.09,"6,250",2026/07/28
1146,1146,2763,(株)エフティグループ,東証STD,"1,156",+1,0.09,"23,700",2026/07/28
1147,1147,3288,(株)オープンハウスグループ,東証PRM,"8,670",+8,0.09,"244,900",2026/07/28
1148,1148,345A,高配当成長 日本株(ネットリターン)ETN,東証ETF,"15,890",+15,0.09,224,2026/07/28
1149,1149,399A,上場インデックスファンド日経平均高配当株50,東証ETF,"2,293",+2,0.09,"25,430",2026/07/28
1150,1150,5011,ニチレキグループ(株),東証PRM,"2,209",+2,0.09,"35,300",2026/07/28
1151,1151,7975,(株)リヒトラブ,東証STD,"1,111",+1,0.09,"1,100",2026/07/28
1152,1152,7991,マミヤ・オーピー(株),東証STD,"1,099",+1,0.09,"18,500",2026/07/28
1153,1153,8892,(株)エスコン,東証PRM,"1,118",+1,0.09,"231,500",2026/07/28
1154,1154,9757,(株)船井総研ホールディングス,東証PRM,"1,135",+1,0.09,"423,000",2026/07/28
1155,1155,9795,(株)ステップ,東証PRM,"2,243",+2,0.09,"5,900",2026/07/28
1156,1156,2060,フィード・ワン(株),東証PRM,"1,294",+1,0.08,"46,600",2026/07/28
1157,1157,2264,森永乳業(株),東証PRM,"1,270",+1,0.08,"1,064,000",2026/07/28
1158,1158,2629,iFree グレーターベイエリア・イノベーション100,東証ETF,"3,700",+3,0.08,"5,657",2026/07/28
1159,1159,426A,ニッセイ ETF S&P500イコール・ウェイト(H無),東証ETF,"1,251",+1,0.08,"85,352",2026/07/28
1160,1160,7314,(株)小田原機器,東証STD,"1,251",+1,0.08,"2,600",2026/07/28
1161,1161,180A,GX 超長期米国債,東証ETF,297.2,+0.2,0.07,"4,250",2026/07/28
1162,1162,2242,MAXIS NYダウ上場投信(H有),東証ETF,671.9,+0.5,0.07,"1,750",2026/07/28
1163,1163,2753,(株)あみやき亭,東証PRM,"1,350",+1,0.07,"37,400",2026/07/28
1164,1164,3234,森ヒルズリート投資法人,東証,"134,300",+100,0.07,"5,551",2026/07/28
1165,1165,3861,王子ホールディングス(株),東証PRM,883,+0.6,0.07,"3,117,300",2026/07/28
1166,1166,4337,ぴあ(株),東証PRM,"2,842",+2,0.07,"19,800",2026/07/28
1167,1167,468A,GX 米ドル建て投資適格社債,東証ETF,292.1,+0.2,0.07,320,2026/07/28
1168,1168,5218,(株)オハラ,東証STD,"1,421",+1,0.07,"164,000",2026/07/28
1169,1169,5233,太平洋セメント(株),東証PRM,"4,211",+3,0.07,"453,100",2026/07/28
1170,1170,6061,(株)ユニバーサル園芸社,東証STD,"2,745",+2,0.07,"3,200",2026/07/28
1171,1171,6183,(株)ベルシステム２４ホールディングス,東証PRM,"1,372",+1,0.07,"314,300",2026/07/28
1172,1172,8142,(株)トーホー,東証PRM,"1,405",+1,0.07,"274,400",2026/07/28
1173,1173,1486,上場インデックスファンド米国債券(H無),東証ETF,"24,350",+15,0.06,219,2026/07/28
1174,1174,182A,MAXIS 米国国債20年超上場投信(H無),東証ETF,513.8,+0.3,0.06,"5,090",2026/07/28
1175,1175,2016,iFreeETF 米国国債7-10年(H有),東証ETF,"1,773",+1,0.06,"57,912",2026/07/28
1176,1176,210A,iFreeETF 日経高利回りREIT指数,東証ETF,"1,660",+1,0.06,"59,779",2026/07/28
1177,1177,3065,(株)ライフフーズ,東証STD,"1,617",+1,0.06,300,2026/07/28
1178,1178,3921,(株)ネオジャパン,東証PRM,"1,655",+1,0.06,"32,300",2026/07/28
1179,1179,4196,(株)ネオマーケティング,東証STD,"1,750",+1,0.06,"4,900",2026/07/28
1180,1180,7377,ＤＮホールディングス(株),東証STD,"1,752",+1,0.06,"7,000",2026/07/28
1181,1181,8141,新光商事(株),東証PRM,"1,580",+1,0.06,"57,400",2026/07/28
1182,1182,2218,日糧製パン(株),札証,"2,146",+1,0.05,"1,200",2026/07/28
1183,1183,2515,(NEXT FUNDS)外国REIT･S&P先進国REIT(除く日本・H無),東証ETF,"1,820",+1,0.05,"8,433",2026/07/28
1184,1184,2857,iシェアーズ ドイツ国債 ETF(H有),東証ETF,626.1,+0.3,0.05,20,2026/07/28
1185,1185,2883,(株)大冷,東証STD,"1,999",+1,0.05,700,2026/07/28
1186,1186,2981,(株)ランディックス,東証GRT,"2,045",+1,0.05,"6,700",2026/07/28
1187,1187,4524,森下仁丹(株),東証STD,"2,198",+1,0.05,"1,400",2026/07/28
1188,1188,487A,(NEXT FUNDS) ドイツ株式・DAX(H無),東証ETF,"2,065",+1,0.05,22,2026/07/28
1189,1189,5970,(株)ジーテクト,東証PRM,"2,142",+1,0.05,"71,100",2026/07/28
1190,1190,7490,日新商事(株),東証STD,"2,191",+1,0.05,"1,800",2026/07/28
1191,1191,7812,(株)クレステック,東証STD,"2,190",+1,0.05,"1,000",2026/07/28
1192,1192,8979,スターツプロシード投資法人,東証,"188,400",+100,0.05,409,2026/07/28
1193,1193,1487,上場インデックスファンド米国債券(H有),東証ETF,"11,790",+5,0.04,478,2026/07/28
1194,1194,1551,東証スタンダードTOP20,東証ETF,"6,903",+3,0.04,130,2026/07/28
1195,1195,181A,MAXIS 米国国債1-3年上場投信(H無),東証ETF,549.3,+0.2,0.04,20,2026/07/28
1196,1196,2257,iシェアーズ 米ドル建て投資適格社債,東証ETF,228.2,+0.1,0.04,"5,880",2026/07/28
1197,1197,2349,(株)エヌアイデイ,東証STD,"2,523",+1,0.04,"2,000",2026/07/28
1198,1198,3353,(株)メディカル一光グループ,東証STD,"2,831",+1,0.04,"5,100",2026/07/28
1199,1199,3495,香陵住販(株),東証STD,"2,346",+1,0.04,500,2026/07/28
1200,1200,435A,iFreeETF 日本株配当ローテーション戦略,東証ETF,"2,725",+1,0.04,"128,361",2026/07/28
1201,1201,8630,ＳＯＭＰＯホールディングス(株),東証PRM,"7,264",+3,0.04,"2,053,700",2026/07/28
1202,1202,9692,(株)シーイーシー,東証PRM,"2,284",+1,0.04,"127,800",2026/07/28
1203,1203,2512,(NEXT FUNDS)外国債券・FTSE世界国債(除く日本・H有),東証ETF,728.1,+0.2,0.03,"8,430",2026/07/28
1204,1204,2648,(NEXT FUNDS)ブルームバーグ米国国債(7-10年)(H有),東証ETF,"3,355",+1,0.03,14,2026/07/28
1205,1205,9173,東海汽船(株),東証STD,"2,926",+1,0.03,400,2026/07/28
1206,1206,50765,インフロニア・ホールディングス（株）第1回社債型種類株式,東証PRM,"4,632",+1,0.02,"4,600",2026/07/28
1207,1207,539A,NZAM 上場投信 海外債券(FTSE WGBI除く日本)(H無),東証ETF,"5,046",+1,0.02,11,2026/07/28
1208,1208,8129,東邦ホールディングス(株),東証PRM,"4,220",+1,0.02,"165,500",2026/07/28
1209,1209,92025,ＡＮＡホールディングス（株）第１回社債型種類株式,東証PRM,"4,800",+1,0.02,"6,200",2026/07/28
