順位(全市場),順位,コード,銘柄名,市場,現在値,前日比,騰落率(%),出来高,時刻
1,1,5242,(株)アイズ,東証GRT,"1,230",+206,20.12,"103,200",2026/07/17
2,2,2034,NEXT NOTES 韓国KOSPI･ベアETN,東証ETF,"2,289",+340,17.44,"149,632",2026/07/17
3,3,150A,(株)ＪＳＨ,東証GRT,542,+80,17.32,"391,500",2026/07/17
4,4,5216,(株)倉元製作所,東証STD,184,+27,17.2,"8,201,200",2026/07/17
5,5,7501,(株)ティムコ,東証STD,"1,611",+201,14.26,"8,000",2026/07/17
6,6,278A,Ｔｅｒｒａ　Ｄｒｏｎｅ(株),東証GRT,"13,770","+1,650",13.61,"4,024,700",2026/07/17
7,7,7581,(株)サイゼリヤ,東証PRM,"7,600",+820,12.09,"6,483,700",2026/07/17
8,8,3697,(株)ＳＨＩＦＴ,東証PRM,743.4,+63.6,9.36,"15,934,600",2026/07/17
9,9,1366,iFreeETF 日経平均ダブルインバース・インデックス,東証ETF,76,+6,8.57,"5,086,000",2026/07/17
10,10,2354,(株)ＹＥ　ＤＩＧＩＴＡＬ,東証STD,"1,059",+81,8.28,"7,669,100",2026/07/17
11,11,1459,楽天 ETF-日経ダブルインバース指数連動型,東証ETF,121,+9,8.04,"25,457,047",2026/07/17
12,12,6573,ＣＲＡＶＩＡ(株),東証GRT,27,+2,8.0,"1,326,400",2026/07/17
13,13,1360,日経平均ベア2倍上場投信,東証ETF,73.6,+5.4,7.92,"237,869,870",2026/07/17
14,14,1827,(株)ナカノフドー建設,東証STD,"1,325",+97,7.9,"26,900",2026/07/17
15,15,1357,(NEXT FUNDS) 日経ダブルインバース上場投信,東証ETF,"2,995",+215,7.73,"20,247,065",2026/07/17
16,16,7031,(株)インバウンドテック,東証GRT,745,+50,7.19,"5,500",2026/07/17
17,17,1466,iFreeETF JPX日経400ダブルインバース・インデックス,東証ETF,217,+14,6.9,"18,182",2026/07/17
18,18,559A,梅乃宿酒造(株),東証STD,"1,186",+74,6.65,"63,100",2026/07/17
19,19,7640,(株)トップカルチャー,東証STD,179,+11,6.55,"873,000",2026/07/17
20,20,9170,成友興業(株),名証MN,"1,729",+104,6.4,"3,600",2026/07/17
21,21,1691,WisdomTree ガソリン上場投信,東証ETF,"14,930",+885,6.3,125,2026/07/17
22,22,7808,(株)シー・エス・ランバー,東証STD,"2,757",+157,6.04,"24,200",2026/07/17
23,23,1469,JPX日経400ベア2倍上場投信ダブルインバース,東証ETF,202.2,+11.2,5.86,"38,930",2026/07/17
24,24,2870,iFreeETF NASDAQ100ダブルインバース,東証ETF,"8,092",+447,5.85,"51,860",2026/07/17
25,25,1356,TOPIXベア2倍上場投信,東証ETF,117,+6.3,5.69,"7,993,590",2026/07/17
26,26,1795,(株)マサル,東証STD,"5,500",+290,5.57,"1,100",2026/07/17
27,27,318A,VIX短期先物指数ETF,東証ETF,450,+23.2,5.44,"2,646,500",2026/07/17
28,28,5241,(株)日本オーエー研究所,名証MN,798,+41,5.42,700,2026/07/17
29,29,2871,(株)ニチレイ,東証PRM,"2,135.5",+109,5.38,"4,827,900",2026/07/17
30,30,7807,(株)幸和製作所,東証STD,895,+45,5.29,"8,800",2026/07/17
31,31,7694,(株)いつも,東証GRT,447,+22,5.18,"34,800",2026/07/17
32,32,2484,(株)出前館,東証STD,124,+6,5.08,"739,800",2026/07/17
33,33,1472,(NEXT FUNDS)JPX日経400ダブルインバース,東証ETF,83,+4,5.06,"43,014",2026/07/17
34,34,3850,(株)ＮＴＴデータイントラマート,東証STD,"3,035",+145,5.02,"55,400",2026/07/17
35,35,6869,シスメックス(株),東証PRM,"1,628",+77,4.96,"5,271,100",2026/07/17
36,36,1368,iFreeETF TOPIXダブルインバース(-2倍)指数,東証ETF,168,+7,4.35,"714,086",2026/07/17
37,37,4591,(株)リボミック,東証GRT,73,+3,4.29,"4,220,300",2026/07/17
38,38,6572,オープングループ(株),東証PRM,270,+11,4.25,"1,293,500",2026/07/17
39,39,542A,(株)ビタブリッドジャパン,東証GRT,"1,084",+44,4.23,"155,000",2026/07/17
40,40,9439,(株)エム・エイチ・グループ,東証STD,247,+10,4.22,"2,043,500",2026/07/17
41,41,2337,いちご(株),東証PRM,431,+17,4.11,"1,904,200",2026/07/17
42,42,9697,(株)カプコン,東証PRM,"3,412",+133,4.06,"3,105,400",2026/07/17
43,43,1456,iFreeETF 日経平均インバース・インデックス,東証ETF,"1,310",+51,4.05,"204,787",2026/07/17
44,44,6505,東洋電機製造(株),東証STD,"2,462",+93,3.93,"241,200",2026/07/17
45,45,6545,(株)インターネットインフィニティー,東証GRT,795,+30,3.92,"21,900",2026/07/17
46,46,3808,(株)オーケーウェブ,名証NXT,27,+1,3.85,"120,800",2026/07/17
47,47,1580,日経平均ベア上場投信,東証ETF,814.8,+29.3,3.73,"1,777,520",2026/07/17
48,48,3382,(株)セブン＆アイ・ホールディングス,東証PRM,"2,080",+73,3.64,"11,474,600",2026/07/17
49,49,9766,コナミグループ(株),東証PRM,"18,875",+650,3.57,"776,100",2026/07/17
50,50,7359,(株)東京通信グループ,東証GRT,236,+8,3.51,"1,535,500",2026/07/17
51,51,9069,センコーグループホールディングス(株),東証PRM,"2,195",+74,3.49,"512,900",2026/07/17
52,52,558A,(株)ＳＱＵＥＥＺＥ,東証GRT,"4,485",+150,3.46,"26,300",2026/07/17
53,53,4431,(株)スマレジ,東証GRT,"3,000",+100,3.45,"177,500",2026/07/17
54,54,6061,(株)ユニバーサル園芸社,東証STD,"2,822",+93,3.41,"4,800",2026/07/17
55,55,7309,(株)シマノ,東証PRM,"18,755",+615,3.39,"642,800",2026/07/17
56,56,1571,(NEXT FUNDS)日経平均インバース上場投信,東証ETF,306,+10,3.38,"2,327,052",2026/07/17
57,57,3977,フュージョン(株),札幌ア,520,+17,3.38,"1,100",2026/07/17
58,58,4528,小野薬品工業(株),東証PRM,"2,425.5",+79,3.37,"2,057,200",2026/07/17
59,59,2433,(株)博報堂ＤＹホールディングス,東証PRM,"1,268.5",+40,3.26,"1,408,800",2026/07/17
60,60,1407,(株)ウエストホールディングス,東証STD,"2,835",+88,3.2,"1,063,300",2026/07/17
61,61,4255,ＴＨＥＣＯＯ(株),東証GRT,"2,481",+77,3.2,"2,100",2026/07/17
62,62,3276,(株)ＪＰＭＣ,東証PRM,"1,781",+55,3.19,"155,300",2026/07/17
63,63,4479,(株)マクアケ,東証GRT,925,+28,3.12,"56,600",2026/07/17
64,64,3639,(株)ボルテージ,東証STD,237,+7,3.04,"11,200",2026/07/17
65,65,9107,川崎汽船(株),東証PRM,"2,723.5",+80,3.03,"6,242,000",2026/07/17
66,66,2791,大黒天物産(株),東証PRM,"4,610",+135,3.02,"93,100",2026/07/17
67,67,7974,任天堂(株),東証PRM,"7,294",+214,3.02,"12,157,200",2026/07/17
68,68,9101,日本郵船(株),東証PRM,"5,706",+166,3.0,"4,456,700",2026/07/17
69,69,2916,仙波糖化工業(株),東証STD,757,+22,2.99,"4,100",2026/07/17
70,70,4893,ノイルイミューン・バイオテック(株),東証GRT,139,+4,2.96,"164,200",2026/07/17
71,71,9278,ブックオフグループホールディングス(株),東証PRM,"2,481",+71,2.95,"316,700",2026/07/17
72,72,5039,(株)キットアライブ,札幌ア,"1,060",+30,2.91,100,2026/07/17
73,73,7747,朝日インテック(株),東証PRM,"3,569",+101,2.91,"1,051,500",2026/07/17
74,74,2897,日清食品ホールディングス(株),東証PRM,"2,955",+82.5,2.87,"1,629,600",2026/07/17
75,75,9831,(株)ヤマダホールディングス,東証PRM,698.6,+19.5,2.87,"8,116,100",2026/07/17
76,76,2875,東洋水産(株),東証PRM,"10,850",+300,2.84,"519,100",2026/07/17
77,77,2842,iFreeETF NASDAQ100インバース,東証ETF,"12,545",+345,2.83,"15,848",2026/07/17
78,78,2013,iシェアーズ 米国高配当株 ETF,東証ETF,311.9,+8.5,2.8,"179,690",2026/07/17
79,79,1569,TOPIXベア上場投信,東証ETF,772.9,+21,2.79,"165,360",2026/07/17
80,80,2032,NEXT NOTES 香港ハンセン･ベアETN,東証ETF,"6,419",+174,2.79,290,2026/07/17
81,81,1457,iFreeETF TOPIXインバース(-1倍)指数,東証ETF,"1,850",+50,2.78,"44,182",2026/07/17
82,82,2681,(株)ゲオホールディングス,東証PRM,"2,025",+54,2.74,"315,000",2026/07/17
83,83,4543,テルモ(株),東証PRM,"2,267.5",+60.5,2.74,"5,676,700",2026/07/17
84,84,1659,iシェアーズ 米国リート ETF,東証ETF,"4,160",+110,2.72,"5,092",2026/07/17
85,85,6393,油研工業(株),東証STD,"3,095",+80,2.65,"7,600",2026/07/17
86,86,2864,GX ロジスティクス・REIT,東証ETF,"1,479",+38,2.64,14,2026/07/17
87,87,9036,東部ネットワーク(株),東証STD,"1,360",+35,2.64,"6,400",2026/07/17
88,88,446A,(株)ノースサンド,東証GRT,"1,640",+42,2.63,"995,300",2026/07/17
89,89,2593,(株)伊藤園,東証PRM,"3,097",+79,2.62,"609,600",2026/07/17
90,90,372A,(株)レント,東証STD,"5,490",+140,2.62,"22,200",2026/07/17
91,91,8585,(株)オリエントコーポレーション,東証PRM,906,+23,2.6,"1,226,000",2026/07/17
92,92,4523,エーザイ(株),東証PRM,"4,450",+112,2.58,"1,934,700",2026/07/17
93,93,6074,(株)ジェイエスエス,東証STD,518,+13,2.57,"3,000",2026/07/17
94,94,2640,GX ゲーム＆アニメ-日本株式,東証ETF,"3,690",+92,2.56,"23,425",2026/07/17
95,95,6267,ゼネラルパッカー(株),東証STD,"4,000",+100,2.56,"7,000",2026/07/17
96,96,3088,(株)マツキヨココカラ＆カンパニー,東証PRM,"2,532",+62.5,2.53,"1,813,700",2026/07/17
97,97,4502,武田薬品工業(株),東証PRM,"5,480",+135,2.53,"5,074,900",2026/07/17
98,98,2249,iFreeETF S&P500ダブルインバース,東証ETF,"9,878",+243,2.52,"11,933",2026/07/17
99,99,2914,ＪＴ,東証PRM,"6,347",+152,2.45,"6,986,400",2026/07/17
100,100,2501,サッポロビール(株),東証PRM,"2,045",+48.5,2.43,"1,515,700",2026/07/17
101,101,3091,(株)ブロンコビリー,東証PRM,"2,403",+56,2.39,"144,900",2026/07/17
102,102,1685,WisdomTree エネルギー上場投信,東証ETF,794.9,+18.3,2.36,660,2026/07/17
103,103,3097,(株)物語コーポレーション,東証PRM,"5,200",+120,2.36,"199,600",2026/07/17
104,104,2236,GX S&P500配当貴族,東証ETF,"1,523",+35,2.35,"29,876",2026/07/17
105,105,9842,アークランズ(株),東証PRM,"1,916",+44,2.35,"380,900",2026/07/17
106,106,9602,東宝(株),東証PRM,"1,430",+32.5,2.33,"8,070,600",2026/07/17
107,107,2809,キユーピー(株),東証PRM,"4,630",+105,2.32,"443,400",2026/07/17
108,108,5189,櫻護謨(株),東証STD,"3,980",+90,2.31,"18,300",2026/07/17
109,109,2492,(株)インフォマート,東証PRM,489,+11,2.3,"2,301,000",2026/07/17
110,110,7532,(株)パン・パシフィック・インターナショナルホールディングス,東証PRM,889,+20,2.3,"13,238,300",2026/07/17
111,111,1332,(株)ニッスイ,東証PRM,"1,272.5",+28.5,2.29,"2,238,600",2026/07/17
112,112,1484,One ETF JPX/S&P 設備･人材投資指数,東証ETF,"3,698",+82,2.27,"5,150",2026/07/17
113,113,2044,NEXT NOTES S&P500 配当貴族(NR)ETN,東証ETF,"35,690",+790,2.26,198,2026/07/17
114,114,3349,(株)コスモス薬品,東証PRM,"6,448",+141,2.24,"435,700",2026/07/17
115,115,364A,(NEXT FUNDS) S&P500 配当貴族指数連動型上場投信,東証ETF,"2,568",+56,2.23,"21,066",2026/07/17
116,116,2138,クルーズ(株),東証STD,465,+10,2.2,"42,300",2026/07/17
117,117,6248,(株)横田製作所,東証STD,"1,768",+38,2.2,800,2026/07/17
118,118,2004,昭和産業(株),東証PRM,"3,540",+75,2.16,"63,600",2026/07/17
119,119,2464,(株)Ａｏｂａ－ＢＢＴ,東証STD,332,+7,2.15,"17,600",2026/07/17
120,120,2801,キッコーマン(株),東証PRM,"1,667",+35,2.14,"5,631,700",2026/07/17
121,121,1495,上場インデックスファンドアジアリート,東証ETF,"11,750",+240,2.09,"3,341",2026/07/17
122,122,7040,(株)サン・ライフホールディング,東証STD,978,+20,2.09,"4,000",2026/07/17
123,123,8057,(株)内田洋行,東証PRM,"2,102",+43,2.09,"431,100",2026/07/17
124,124,2095,GX S&P500配当貴族 (H有),東証ETF,"1,180",+24,2.08,"12,049",2026/07/17
125,125,8225,(株)タカチホ,東証STD,"3,430",+70,2.08,100,2026/07/17
126,126,9684,(株)スクウェア・エニックス・ホールディングス,東証PRM,"2,551",+52,2.08,"967,400",2026/07/17
127,127,2602,日清オイリオグループ(株),東証PRM,"1,943",+39,2.05,"362,500",2026/07/17
128,128,3583,オーベクス(株),東証STD,"1,345",+27,2.05,"2,600",2026/07/17
129,129,7604,(株)梅の花グループ,東証STD,894,+18,2.05,"13,000",2026/07/17
130,130,3635,(株)コーエーテクモホールディングス,東証PRM,"1,574",+31,2.01,"1,281,400",2026/07/17
131,131,4409,東邦化学工業(株),東証STD,764,+15,2.0,"22,700",2026/07/17
132,132,9404,日本テレビホールディングス(株),東証PRM,"2,933.5",+57.5,2.0,"868,700",2026/07/17
133,133,2253,GX スーパーディビィデンド-US,東証ETF,"1,392",+27,1.98,"9,240",2026/07/17
134,134,7832,(株)バンダイナムコホールディングス,東証PRM,"4,189",+81,1.97,"2,965,300",2026/07/17
135,135,2515,(NEXT FUNDS)外国REIT･S&P先進国REIT(除く日本・H無),東証ETF,"1,767",+34,1.96,"30,307",2026/07/17
136,136,2884,(株)ヨシムラ・フード・ホールディングス,東証PRM,627,+12,1.95,"218,800",2026/07/17
137,137,1573,中国H株ベア上場投信,東証ETF,"8,771",+166,1.93,550,2026/07/17
138,138,2212,山崎製パン(株),東証PRM,"3,372",+64,1.93,"794,100",2026/07/17
139,139,2503,キリンホールディングス(株),東証PRM,"2,909",+55,1.93,"3,342,300",2026/07/17
140,140,8237,(株)松屋,東証PRM,"1,850",+35,1.93,"310,100",2026/07/17
141,141,8273,(株)イズミ,東証PRM,"1,006",+19,1.93,"707,400",2026/07/17
142,142,2782,(株)セリア,東証STD,"3,730",+70,1.91,"326,800",2026/07/17
143,143,1595,NZAM 上場投信 東証REIT指数,東証ETF,"1,873",+35,1.9,"117,269",2026/07/17
144,144,2018,GX US REIT・トップ20,東証ETF,"1,343",+25,1.9,719,2026/07/17
145,145,2269,明治ホールディングス(株),東証PRM,"3,812",+71,1.9,"1,094,300",2026/07/17
146,146,3937,(株)Ｕｂｉｃｏｍホールディングス,東証STD,"1,020",+19,1.9,"20,400",2026/07/17
147,147,4432,ウイングアーク１ｓｔ(株),東証PRM,"2,893",+54,1.9,"390,400",2026/07/17
148,148,7217,(株)テイン,東証STD,429,+8,1.9,"5,100",2026/07/17
149,149,2874,ヨコレイ,東証PRM,"2,210",+41,1.89,"305,000",2026/07/17
150,150,3946,(株)トーモク,東証PRM,"4,325",+80,1.88,"437,600",2026/07/17
151,151,7867,(株)タカラトミー,東証PRM,"3,531",+65,1.88,"1,395,200",2026/07/17
152,152,8198,マックスバリュ東海(株),東証STD,"3,250",+60,1.88,"27,900",2026/07/17
153,153,2471,(株)エスプール,東証PRM,272,+5,1.87,"620,400",2026/07/17
154,154,5026,(株)トリプルアイズ,東証GRT,598,+11,1.87,"93,500",2026/07/17
155,155,9090,ＡＺ－ＣＯＭ丸和ホールディングス(株),東証PRM,871,+16,1.87,"354,000",2026/07/17
156,156,4527,ロート製薬(株),東証PRM,"2,477.5",+45,1.85,"975,500",2026/07/17
157,157,9059,カンダホールディングス(株),東証STD,883,+16,1.85,"25,000",2026/07/17
158,158,9843,(株)ニトリホールディングス,東証PRM,"2,459",+44.5,1.84,"3,272,900",2026/07/17
159,159,4574,大幸薬品(株),東証PRM,278,+5,1.83,"69,900",2026/07/17
160,160,8951,日本ビルファンド投資法人,東証,"133,400","+2,400",1.83,"46,929",2026/07/17
161,161,3279,アクティビア・プロパティーズ投資法人,東証,"139,900","+2,500",1.82,"6,412",2026/07/17
162,162,4813,(株)ＡＣＣＥＳＳ,東証PRM,342,+6,1.79,"828,900",2026/07/17
163,163,9143,ＳＧホールディングス(株),東証PRM,"1,620",+28.5,1.79,"2,297,700",2026/07/17
164,164,9064,ヤマトホールディングス(株),東証PRM,"2,003",+35,1.78,"1,636,700",2026/07/17
165,165,3191,(株)ジョイフル本田,東証PRM,"2,300",+40,1.77,"176,900",2026/07/17
166,166,3836,(株)アバントグループ,東証PRM,"1,210",+21,1.77,"95,800",2026/07/17
167,167,7502,(株)プラザホールディングス,東証STD,"1,668",+29,1.77,800,2026/07/17
168,168,2282,日本ハム(株),東証PRM,"6,261",+108,1.76,"605,300",2026/07/17
169,169,8267,イオン(株),東証PRM,"1,395",+24,1.75,"10,374,900",2026/07/17
170,170,4324,(株)電通グループ,東証PRM,"3,506",+60,1.74,"1,494,700",2026/07/17
171,171,5134,(株)ＰＯＰＥＲ,東証GRT,529,+9,1.73,"3,800",2026/07/17
172,172,8281,ゼビオホールディングス(株),東証PRM,"1,116",+19,1.73,"131,500",2026/07/17
173,173,4912,ライオン(株),東証PRM,"1,711",+29,1.72,"1,199,500",2026/07/17
174,174,9017,新潟交通(株),東証STD,"2,016",+34,1.72,"1,100",2026/07/17
175,175,2241,MAXIS NYダウ上場投信,東証ETF,965.9,+16.2,1.71,"29,870",2026/07/17
176,176,9007,小田急電鉄(株),東証PRM,"1,757",+29.5,1.71,"1,914,700",2026/07/17
177,177,3561,(株)力の源ホールディングス,東証PRM,"1,618",+27,1.7,"72,000",2026/07/17
178,178,2477,手間いらず(株),東証STD,"2,340",+39,1.69,"22,400",2026/07/17
179,179,3050,ＤＣＭホールディングス(株),東証PRM,"1,508",+25,1.69,"375,100",2026/07/17
180,180,2962,(株)テクニスコ,東証STD,"1,395",+23,1.68,"234,100",2026/07/17
181,181,6183,(株)ベルシステム２４ホールディングス,東証PRM,"1,388",+23,1.68,"280,700",2026/07/17
182,182,2003,日東富士製粉(株),東証STD,"1,828",+30,1.67,"21,300",2026/07/17
183,183,4922,(株)コーセーホールディングス,東証PRM,"5,472",+90,1.67,"292,800",2026/07/17
184,184,2201,森永製菓(株),東証PRM,"2,702.5",+44,1.66,"253,600",2026/07/17
185,185,8217,(株)オークワ,東証PRM,795,+13,1.66,"63,300",2026/07/17
186,186,2292,Ｓ　ＦＯＯＤＳ(株),東証PRM,"2,729",+44,1.64,"200,000",2026/07/17
187,187,6033,(株)エクストリーム,東証GRT,"1,675",+27,1.64,"153,900",2026/07/17
188,188,2267,(株)ヤクルト本社,東証PRM,"2,834.5",+45.5,1.63,"1,429,400",2026/07/17
189,189,2811,カゴメ(株),東証PRM,"2,748",+44,1.63,"291,200",2026/07/17
190,190,3539,(株)ＪＭホールディングス,東証PRM,"1,312",+21,1.63,"275,100",2026/07/17
191,191,6098,(株)リクルートホールディングス,東証PRM,"12,820",+205,1.63,"3,748,400",2026/07/17
192,192,6465,ホシザキ(株),東証PRM,"5,363",+86,1.63,"558,200",2026/07/17
193,193,6560,(株)エル・ティー・エス,東証PRM,"1,811",+29,1.63,"17,500",2026/07/17
194,194,4568,第一三共(株),東証PRM,"2,791",+44.5,1.62,"7,631,200",2026/07/17
195,195,7459,(株)メディパルホールディングス,東証PRM,"2,848.5",+45.5,1.62,"406,500",2026/07/17
196,196,4651,(株)サニックスホールディングス,東証STD,253,+4,1.61,"545,900",2026/07/17
197,197,2702,日本マクドナルドホールディングス(株),東証STD,"7,630",+120,1.6,"509,600",2026/07/17
198,198,3994,(株)マネーフォワード,東証PRM,"5,334",+84,1.6,"751,400",2026/07/17
199,199,8153,(株)モスフードサービス,東証PRM,"3,820",+60,1.6,"81,400",2026/07/17
200,200,9270,バリュエンスホールディングス(株),東証GRT,"2,038",+32,1.6,"86,500",2026/07/17
201,201,4732,(株)ユー・エス・エス,東証PRM,"2,006.5",+31.5,1.59,"1,116,400",2026/07/17
202,202,7077,(株)ＡＬｉＮＫインターネット,東証GRT,"1,023",+16,1.59,"2,500",2026/07/17
203,203,3626,ＴＩＳＩ(株),東証PRM,"3,526",+55,1.58,"876,800",2026/07/17
204,204,7516,コーナン商事(株),東証PRM,"4,175",+65,1.58,"106,700",2026/07/17
205,205,7679,(株)薬王堂ホールディングス,東証PRM,"1,741",+27,1.58,"62,200",2026/07/17
206,206,9104,(株)商船三井,東証PRM,"5,609",+87,1.58,"2,570,000",2026/07/17
207,207,7751,キヤノン(株),東証PRM,"4,466",+69,1.57,"6,599,900",2026/07/17
208,208,8278,(株)フジ,東証PRM,"2,000",+31,1.57,"96,300",2026/07/17
209,209,7134,(株)アップガレージグループ,東証STD,"1,433",+22,1.56,"27,600",2026/07/17
210,210,3038,(株)神戸物産,東証PRM,"2,719.5",+41.5,1.55,"1,412,600",2026/07/17
211,211,9022,東海旅客鉄道(株),東証PRM,"3,766",+57,1.54,"3,012,200",2026/07/17
212,212,4777,(株)ガーラ,東証STD,200,+3,1.52,"91,200",2026/07/17
213,213,8194,(株)ライフコーポレーション,東証PRM,"2,474",+37,1.52,"263,900",2026/07/17
214,214,3087,(株)ドトール・日レスホールディングス,東証PRM,"2,958",+44,1.51,"135,900",2026/07/17
215,215,6482,ＹＵＳＨＩＮ(株),東証STD,676,+10,1.5,"98,600",2026/07/17
216,216,6678,(株)テクノメディカ,東証STD,"2,097",+31,1.5,"11,800",2026/07/17
217,217,9302,三井倉庫ホールディングス(株),東証PRM,"3,589",+53,1.5,"193,900",2026/07/17
218,218,451A,ステート・ストリート・スパイダー S&P500 高配当株ETF,東証ETF,305.8,+4.5,1.49,"17,200",2026/07/17
219,219,5337,ダントーホールディングス(株),東証STD,816,+12,1.49,"5,500",2026/07/17
220,220,6612,バルミューダ(株),東証GRT,614,+9,1.49,"4,700",2026/07/17
221,221,7488,(株)ヤガミ,名証MN,"4,775",+70,1.49,"3,900",2026/07/17
222,222,2517,MAXIS Jリート･コア上場投信,東証ETF,"1,132.5",+16.5,1.48,"16,160",2026/07/17
223,223,2579,コカ・コーラ　ボトラーズジャパンホールディングス(株),東証PRM,"4,289",+62,1.47,"740,100",2026/07/17
224,224,3908,(株)コラボス,東証STD,346,+5,1.47,"32,400",2026/07/17
225,225,9979,(株)大庄,東証STD,"1,106",+16,1.47,"26,600",2026/07/17
226,226,5380,新東(株),東証STD,"1,111",+16,1.46,700,2026/07/17
227,227,2181,パーソルホールディングス(株),東証PRM,266.1,+3.8,1.45,"10,323,400",2026/07/17
228,228,2229,カルビー(株),東証PRM,"3,003",+43,1.45,"325,600",2026/07/17
229,229,4516,日本新薬(株),東証PRM,"4,048",+58,1.45,"264,700",2026/07/17
230,230,4849,エン(株),東証PRM,"1,262",+18,1.45,"159,500",2026/07/17
231,231,9438,(株)エムティーアイ,東証PRM,629,+9,1.45,"44,000",2026/07/17
232,232,2764,(株)ひらまつ,東証STD,141,+2,1.44,"134,200",2026/07/17
233,233,3796,(株)いい生活,東証STD,282,+4,1.44,"20,000",2026/07/17
234,234,3197,(株)すかいらーくホールディングス,東証PRM,"3,046",+43,1.43,"2,012,800",2026/07/17
235,235,4923,コタ(株),東証PRM,"1,203",+17,1.43,"37,500",2026/07/17
236,236,5075,アップコン(株),名証NXT,"1,205",+17,1.43,"2,300",2026/07/17
237,237,9997,(株)ベルーナ,東証PRM,"1,063",+15,1.43,"306,800",2026/07/17
238,238,2240,上場インデックスファンドS&P500先物インバース,東証ETF,"5,426",+76,1.42,"2,004",2026/07/17
239,239,7837,(株)アールシーコア,東証STD,357,+5,1.42,"3,400",2026/07/17
240,240,8972,KDX不動産投資法人,東証,"157,200","+2,200",1.42,"8,851",2026/07/17
241,241,1559,(NEXT FUNDS)タイ株式指数連動型上場投信,東証ETF,"4,948",+69,1.41,340,2026/07/17
242,242,5592,(株)くすりの窓口,東証GRT,"2,442",+34,1.41,"73,700",2026/07/17
243,243,7545,(株)西松屋チェーン,東証PRM,"2,019",+28,1.41,"412,800",2026/07/17
244,244,8147,(株)トミタ,東証STD,"1,439",+20,1.41,"3,900",2026/07/17
245,245,3625,テックファームホールディングス(株),東証GRT,578,+8,1.4,"16,200",2026/07/17
246,246,3965,(株)キャピタル・アセット・プランニング,東証STD,867,+12,1.4,"7,700",2026/07/17
247,247,4684,(株)オービック,東証PRM,"4,267",+59,1.4,"1,957,600",2026/07/17
248,248,4886,あすか製薬ホールディングス(株),東証PRM,"2,244",+31,1.4,"112,200",2026/07/17
249,249,7733,オリンパス(株),東証PRM,"1,771.5",+24.5,1.4,"6,334,600",2026/07/17
250,250,4612,日本ペイントホールディングス(株),東証PRM,"1,096.5",+15,1.39,"4,554,900",2026/07/17
251,251,7036,(株)イーエムネットジャパン,東証GRT,658,+9,1.39,300,2026/07/17
252,252,3550,(株)スタジオアタオ,東証GRT,221,+3,1.38,"7,200",2026/07/17
253,253,4958,長谷川香料(株),東証PRM,"3,300",+45,1.38,"69,800",2026/07/17
254,254,9991,ジェコス(株),東証PRM,"1,615",+22,1.38,"120,300",2026/07/17
255,255,7634,(株)星医療酸器,東証STD,"5,170",+70,1.37,300,2026/07/17
256,256,3461,(株)パルマ,東証STD,597,+8,1.36,"11,800",2026/07/17
257,257,586A,(NEXT FUNDS) 日経エンタメ・コンテンツ株指数,東証ETF,215.7,+2.9,1.36,"504,860",2026/07/17
258,258,6417,(株)ＳＡＮＫＹＯ,東証PRM,"1,683",+22.5,1.36,"1,136,900",2026/07/17
259,259,8914,エリアリンク(株),東証STD,894,+12,1.36,"133,100",2026/07/17
260,260,3547,(株)ユニシアホールディングス,東証STD,"1,819",+24,1.34,"141,800",2026/07/17
261,261,6078,(株)バリューＨＲ,東証PRM,"1,514",+20,1.34,"39,600",2026/07/17
262,262,7343,ブロードマインド(株),東証GRT,"1,208",+16,1.34,"1,400",2026/07/17
263,263,7539,(株)アイナボホールディングス,東証STD,830,+11,1.34,"21,600",2026/07/17
264,264,9989,(株)サンドラッグ,東証PRM,"3,867",+51,1.34,"675,300",2026/07/17
265,265,291A,(株)リスキル,東証GRT,"1,748",+23,1.33,"1,100",2026/07/17
266,266,3437,特殊電極(株),東証STD,"2,736",+36,1.33,800,2026/07/17
267,267,1764,工藤建設(株),東証STD,"2,753",+36,1.32,"1,700",2026/07/17
268,268,2238,iFreeETF S&P500インバース,東証ETF,"5,370",+70,1.32,"4,536",2026/07/17
269,269,2733,(株)あらた,東証PRM,"2,604",+34,1.32,"146,000",2026/07/17
270,270,3360,シップヘルスケアホールディングス(株),東証PRM,"2,348",+30.5,1.32,"265,200",2026/07/17
271,271,3397,(株)トリドールホールディングス,東証PRM,"4,150",+54,1.32,"364,100",2026/07/17
272,272,7129,ミアヘルサホールディングス(株),東証STD,"1,163",+15,1.31,"3,100",2026/07/17
273,273,9869,加藤産業(株),東証PRM,"6,200",+80,1.31,"35,000",2026/07/17
274,274,3151,(株)バイタルケーエスケー・ホールディングス,東証PRM,"1,635",+21,1.3,"96,400",2026/07/17
275,275,2555,東証REIT ETF,東証ETF,"1,889",+24,1.29,"6,980",2026/07/17
276,276,3028,(株)アルペン,東証PRM,"2,194",+28,1.29,"161,800",2026/07/17
277,277,4661,(株)オリエンタルランド,東証PRM,"2,729.5",+34.5,1.28,"6,591,600",2026/07/17
278,278,6380,オリエンタルチエン工業(株),東証STD,"3,955",+50,1.28,"74,300",2026/07/17
279,279,7462,(株)ＣＡＰＩＴＡ,東証STD,395,+5,1.28,"27,900",2026/07/17
280,280,5697,(株)サンユウ,東証STD,716,+9,1.27,"23,900",2026/07/17
281,281,2001,(株)ニップン,東証PRM,"2,822",+35,1.26,"262,200",2026/07/17
282,282,2053,中部飼料(株),東証PRM,"1,930",+24,1.26,"89,200",2026/07/17
283,283,2502,アサヒグループホールディングス(株),東証PRM,"1,603",+20,1.26,"7,506,500",2026/07/17
284,284,5929,三和ホールディングス(株),東証PRM,"3,768",+47,1.26,"725,700",2026/07/17
285,285,6702,富士通(株),東証PRM,"3,298",+41,1.26,"9,646,000",2026/07/17
286,286,7649,スギホールディングス(株),東証PRM,"2,955.5",+36.5,1.25,"794,300",2026/07/17
287,287,8163,ＳＲＳホールディングス(株),東証PRM,"1,293",+16,1.25,"155,300",2026/07/17
288,288,9746,(株)ＴＫＣ,東証PRM,"3,645",+45,1.25,"75,400",2026/07/17
289,289,2852,iシェアーズ グリーンJリート,東証ETF,180.1,+2.2,1.24,"25,410",2026/07/17
290,290,3769,ＧＭＯペイメントゲートウェイ(株),東証PRM,"9,892",+121,1.24,"202,000",2026/07/17
291,291,2002,(株)日清製粉グループ本社,東証PRM,"2,053.5",+25,1.23,"840,500",2026/07/17
292,292,2556,One ETF 東証REIT指数,東証ETF,"1,888",+23,1.23,"72,250",2026/07/17
293,293,6578,(株)コレックホールディングス,東証STD,492,+6,1.23,"5,300",2026/07/17
294,294,8976,大和証券オフィス投資法人,東証,"330,000","+4,000",1.23,"1,858",2026/07/17
295,295,4356,応用技術(株),東証STD,"1,660",+20,1.22,"1,000",2026/07/17
296,296,7813,(株)プラッツ,東証STD,831,+10,1.22,"3,900",2026/07/17
297,297,1555,上場インデックスファンド豪州リート,東証ETF,"2,507",+30,1.21,"2,949",2026/07/17
298,298,9003,相鉄ホールディングス(株),東証PRM,"2,598",+31,1.21,"284,900",2026/07/17
299,299,9605,東映(株),東証PRM,"5,840",+70,1.21,"48,700",2026/07/17
300,300,1376,カネコ種苗(株),東証STD,"1,519",+18,1.2,"18,400",2026/07/17
301,301,4465,(株)ニイタカ,東証STD,"2,283",+27,1.2,"11,000",2026/07/17
302,302,7687,(株)ミクリード,東証GRT,420,+5,1.2,"4,500",2026/07/17
303,303,9081,神奈川中央交通(株),東証PRM,"3,785",+45,1.2,"11,500",2026/07/17
304,304,2752,(株)フジオフードグループ本社,東証PRM,"1,110",+13,1.19,"97,000",2026/07/17
305,305,2910,(株)ロック・フィールド,東証PRM,"1,363",+16,1.19,"34,000",2026/07/17
306,306,3391,(株)ツルハホールディングス,東証PRM,"2,381",+28,1.19,"1,383,900",2026/07/17
307,307,4911,(株)資生堂,東証PRM,"3,060",+36,1.19,"3,764,600",2026/07/17
308,308,8594,中道リース(株),札証,679,+8,1.19,"1,400",2026/07/17
309,309,9046,神戸電鉄(株),東証STD,"2,465",+29,1.19,"3,800",2026/07/17
310,310,9049,京福電気鉄道(株),東証STD,"6,790",+80,1.19,200,2026/07/17
311,311,9252,(株)ラストワンマイル,東証GRT,"3,835",+45,1.19,"19,300",2026/07/17
312,312,2266,六甲バター(株),東証PRM,"1,117",+13,1.18,"25,800",2026/07/17
313,313,2978,(株)ツクルバ,東証GRT,342,+4,1.18,"1,500",2026/07/17
314,314,4326,(株)インテージホールディングス,東証PRM,"1,889",+22,1.18,"20,400",2026/07/17
315,315,4507,塩野義製薬(株),東証PRM,"2,876",+33.5,1.18,"3,508,400",2026/07/17
316,316,9021,西日本旅客鉄道(株),東証PRM,"2,995.5",+35,1.18,"3,638,100",2026/07/17
317,317,9900,(株)サガミホールディングス,東証PRM,"1,794",+21,1.18,"103,300",2026/07/17
318,318,2475,ＷＤＢホールディングス(株),東証PRM,"1,815",+21,1.17,"16,200",2026/07/17
319,319,417A,(株)ブルーゾーンホールディングス,東証PRM,"1,767",+20.5,1.17,"320,100",2026/07/17
320,320,1488,iFreeETF 東証REIT指数,東証ETF,"1,914",+22,1.16,"116,674",2026/07/17
321,321,1690,WisdomTree WTI原油上場投信,東証ETF,"2,307",+26.5,1.16,"1,540",2026/07/17
322,322,2804,ブルドックソース(株),東証PRM,"1,825",+21,1.16,"21,900",2026/07/17
323,323,4519,中外製薬(株),東証PRM,"7,325",+84,1.16,"2,964,200",2026/07/17
324,324,5871,ＳＯＬＩＺＥ　Ｈｏｌｄｉｎｇｓ(株),東証STD,"1,398",+16,1.16,"8,100",2026/07/17
325,325,8955,日本プライムリアルティ投資法人,東証,"96,200","+1,100",1.16,"9,337",2026/07/17
326,326,9001,東武鉄道(株),東証PRM,"3,054",+35,1.16,"733,400",2026/07/17
327,327,2587,サントリービバレッジ＆フード(株),東証PRM,"4,666",+53,1.15,"1,377,500",2026/07/17
328,328,8218,(株)コメリ,東証PRM,"3,525",+40,1.15,"59,500",2026/07/17
329,329,3487,CREロジスティクスファンド投資法人,東証,"142,300","+1,600",1.14,"1,481",2026/07/17
330,330,4475,ＨＥＮＮＧＥ(株),東証GRT,"1,336",+15,1.14,"584,500",2026/07/17
331,331,536A,NZAM 上場投信 先進国株式(MSCI-KOKUSAI)(H無),東証ETF,"2,299",+26,1.14,6,2026/07/17
332,332,6086,シンメンテホールディングス(株),東証GRT,"1,063",+12,1.14,"50,000",2026/07/17
333,333,2014,iシェアーズ 米国連続増配株 ETF,東証ETF,322.4,+3.6,1.13,"110,090",2026/07/17
334,334,3916,デジタル・インフォメーション・テクノロジー(株),東証PRM,984,+11,1.13,"115,500",2026/07/17
335,335,4194,ビジョナル(株),東証PRM,"8,482",+95,1.13,"238,400",2026/07/17
336,336,2154,(株)オープンアップグループ,東証PRM,"1,994",+22,1.12,"173,300",2026/07/17
337,337,7550,(株)ゼンショーホールディングス,東証PRM,"9,303",+103,1.12,"936,000",2026/07/17
338,338,7677,(株)ヤシマキザイ,東証STD,"2,710",+30,1.12,600,2026/07/17
339,339,8129,東邦ホールディングス(株),東証PRM,"4,067",+45,1.12,"143,500",2026/07/17
340,340,9987,(株)スズケン,東証PRM,"5,167",+57,1.12,"137,700",2026/07/17
341,341,2307,(株)クロスキャット,東証PRM,"1,002",+11,1.11,"29,600",2026/07/17
342,342,259A,(株)ケイ・ウノ,名証NXT,"1,645",+18,1.11,"1,000",2026/07/17
343,343,275A,ハンワホームズ(株),名証NXT,366,+4,1.1,"3,900",2026/07/17
344,344,5909,(株)コロナ,東証STD,"1,023",+11,1.09,"25,000",2026/07/17
345,345,6460,セガサミーホールディングス(株),東証PRM,"2,508.5",+27,1.09,"843,900",2026/07/17
346,346,9744,(株)メイテックグループホールディングス,東証PRM,"3,259",+35,1.09,"330,500",2026/07/17
347,347,7435,(株)ナ・デックス,東証STD,"1,215",+13,1.08,"31,600",2026/07/17
348,348,8113,ユニ・チャーム(株),東証PRM,975.2,+10.4,1.08,"4,807,000",2026/07/17
349,349,9005,東急(株),東証PRM,"1,772",+19,1.08,"3,494,200",2026/07/17
350,350,2096,GX オフィス・J-REIT,東証ETF,"1,043",+11,1.07,"34,815",2026/07/17
351,351,3281,ＧＬＰ投資法人,東証,"142,000","+1,500",1.07,"13,752",2026/07/17
352,352,5530,日本システムバンク(株),名証MN,"1,039",+11,1.07,"1,300",2026/07/17
353,353,7616,(株)コロワイド,東証PRM,"1,987",+21,1.07,"598,700",2026/07/17
354,354,9008,京王電鉄(株),東証PRM,790.4,+8.4,1.07,"2,873,200",2026/07/17
355,355,1621,(NEXT FUNDS)医薬品上場投信,東証ETF,"29,480",+310,1.06,"2,338",2026/07/17
356,356,2288,丸大食品(株),東証PRM,"2,279",+24,1.06,"80,300",2026/07/17
357,357,4538,扶桑薬品工業(株),東証PRM,"2,194",+23,1.06,"16,400",2026/07/17
358,358,9258,(株)ＣＳ－Ｃ,東証GRT,285,+3,1.06,100,2026/07/17
359,359,9627,(株)アインホールディングス,東証PRM,"5,819",+61,1.06,"210,500",2026/07/17
360,360,3462,野村不動産マスターファンド投資法人,東証,"154,500","+1,600",1.05,"8,676",2026/07/17
361,361,4811,(株)ドリーム・アーツ,東証GRT,868,+9,1.05,"29,900",2026/07/17
362,362,377A,(株)エージェントＩＧホールディングス,名証MN,"1,170",+12,1.04,600,2026/07/17
363,363,7458,(株)第一興商,東証PRM,"1,792.5",+18.5,1.04,"254,600",2026/07/17
364,364,7805,プリントネット(株),東証STD,774,+8,1.04,"3,700",2026/07/17
365,365,2819,エバラ食品工業(株),東証STD,"2,485",+25,1.02,"6,300",2026/07/17
366,366,3010,ポラリス・ホールディングス(株),東証STD,198,+2,1.02,"266,800",2026/07/17
367,367,4397,(株)チームスピリット,東証GRT,396,+4,1.02,"133,700",2026/07/17
368,368,4665,(株)ダスキン,東証PRM,"4,538",+46,1.02,"92,400",2026/07/17
369,369,4768,(株)大塚商会,東証PRM,"3,015",+30,1.01,"1,401,600",2026/07/17
370,370,8952,ジャパンリアルエステイト投資法人,東証,"120,400","+1,200",1.01,"22,250",2026/07/17
371,371,414A,(株)オーバーラップホールディングス,東証GRT,809,+8,1.0,"296,500",2026/07/17
372,372,9142,九州旅客鉄道(株),東証PRM,"3,638",+36,1.0,"817,600",2026/07/17
373,373,9501,東京電力ホールディングス(株),東証PRM,506.6,+5,1.0,"42,140,900",2026/07/17
374,374,9735,セコム(株),東証PRM,"6,745",+67,1.0,"1,550,600",2026/07/17
375,375,9948,(株)アークス,東証PRM,"3,550",+35,1.0,"63,900",2026/07/17
376,376,7314,(株)小田原機器,東証STD,"1,222",+12,0.99,"5,300",2026/07/17
377,377,2041,NEXT NOTES NYダウ･ベア･ドルヘッジ ETN,東証ETF,"1,982",+19,0.97,"5,979",2026/07/17
378,378,2183,(株)リニカル,東証STD,208,+2,0.97,"42,500",2026/07/17
379,379,3577,東海染工(株),東証STD,934,+9,0.97,"1,100",2026/07/17
380,380,3848,(株)データ・アプリケーション,東証STD,829,+8,0.97,"1,800",2026/07/17
381,381,3947,ダイナパック(株),東証STD,"2,197",+21,0.97,600,2026/07/17
382,382,8167,(株)リテールパートナーズ,東証PRM,"1,353",+13,0.97,"72,200",2026/07/17
383,383,9031,西日本鉄道(株),東証PRM,"3,112",+30,0.97,"176,400",2026/07/17
384,384,9698,(株)クレオ,東証STD,"1,255",+12,0.97,"4,700",2026/07/17
385,385,9861,(株)吉野家ホールディングス,東証PRM,"3,652",+35,0.97,"546,400",2026/07/17
386,386,3839,(株)ＯＤＫソリューションズ,東証STD,633,+6,0.96,"1,100",2026/07/17
387,387,4347,ブロードメディア(株),東証STD,"1,795",+17,0.96,"14,400",2026/07/17
388,388,4681,リゾートトラスト(株),東証PRM,"1,731.5",+16.5,0.96,"375,300",2026/07/17
389,389,1628,(NEXT FUNDS)運輸･物流上場投信,東証ETF,"21,160",+200,0.95,804,2026/07/17
390,390,2217,モロゾフ(株),東証PRM,"1,589",+15,0.95,"30,000",2026/07/17
391,391,3371,(株)ソフトクリエイトホールディングス,東証PRM,"2,020",+19,0.95,"49,500",2026/07/17
392,392,4240,クラスターテクノロジー(株),東証STD,319,+3,0.95,"12,200",2026/07/17
393,393,8179,ロイヤルホールディングス(株),東証PRM,"1,278",+12,0.95,"343,400",2026/07/17
394,394,9202,ＡＮＡホールディングス(株),東証PRM,"3,027",+28.5,0.95,"2,452,800",2026/07/17
395,395,9759,(株)ＮＳＤ,東証PRM,"2,710",+25.5,0.95,"219,600",2026/07/17
396,396,2742,(株)ハローズ,東証PRM,"3,745",+35,0.94,"19,800",2026/07/17
397,397,4218,ニチバン(株),東証PRM,"1,934",+18,0.94,"18,100",2026/07/17
398,398,7512,イオン北海道(株),東証STD,856,+8,0.94,"150,700",2026/07/17
399,399,8957,東急リアル・エステート投資法人,東証,"192,400","+1,800",0.94,"2,387",2026/07/17
400,400,2296,伊藤ハム米久ホールディングス(株),東証PRM,"4,875",+45,0.93,"167,900",2026/07/17
401,401,343A,(株)ＩＡＣＥトラベル,東証STD,"1,414",+13,0.93,"7,300",2026/07/17
402,402,3477,フォーライフ(株),東証GRT,870,+8,0.93,"3,800",2026/07/17
403,403,5401,日本製鉄(株),東証PRM,585.6,+5.4,0.93,"42,824,000",2026/07/17
404,404,6758,ソニーグループ(株),東証PRM,"3,470",+32,0.93,"22,560,200",2026/07/17
405,405,6772,東京コスモス電機(株),東証STD,"1,080",+10,0.93,"10,300",2026/07/17
406,406,7476,アズワン(株),東証PRM,"2,483",+23,0.93,"172,300",2026/07/17
407,407,1617,(NEXT FUNDS)食品上場投信,東証ETF,"46,960",+430,0.92,921,2026/07/17
408,408,3179,シュッピン(株),東証PRM,"1,096",+10,0.92,"68,600",2026/07/17
409,409,4318,(株)クイック,東証PRM,772,+7,0.92,"167,500",2026/07/17
410,410,4433,(株)ヒト・コミュニケーションズ・ホールディングス,東証PRM,879,+8,0.92,"66,000",2026/07/17
411,411,272A,(株)グリーンクロスホールディングス,福証,"1,434",+13,0.91,"4,700",2026/07/17
412,412,2922,(株)なとり,東証PRM,"2,000",+18,0.91,"29,600",2026/07/17
413,413,3549,(株)クスリのアオキホールディングス,東証STD,"3,866",+35,0.91,"214,100",2026/07/17
414,414,7520,(株)エコス,東証PRM,"2,450",+22,0.91,"24,500",2026/07/17
415,415,2206,江崎グリコ(株),東証PRM,"5,170",+46,0.9,"334,800",2026/07/17
416,416,2216,カンロ(株),東証STD,"1,227",+11,0.9,"209,000",2026/07/17
417,417,2527,NZAM 上場投信 東証REIT Core指数,東証ETF,"1,124",+10,0.9,"22,498",2026/07/17
418,418,2567,NZAM 上場投信 S&P/JPXカーボン・エフィシェント指数,東証ETF,546.9,+4.9,0.9,30,2026/07/17
419,419,3798,ＵＬＳグループ(株),東証STD,563,+5,0.9,"327,700",2026/07/17
420,420,7962,(株)キングジム,東証PRM,786,+7,0.9,"25,900",2026/07/17
421,421,9045,京阪ホールディングス(株),東証PRM,"3,254",+29,0.9,"299,000",2026/07/17
422,422,9757,(株)船井総研ホールディングス,東証PRM,"1,127",+10,0.9,"342,300",2026/07/17
423,423,8996,(株)ハウスフリーダム,東証STD,"1,021",+9,0.89,500,2026/07/17
424,424,9303,(株)住友倉庫,東証PRM,"3,960",+35,0.89,"115,700",2026/07/17
425,425,5192,三ツ星ベルト(株),東証PRM,"4,030",+35,0.88,"96,900",2026/07/17
426,426,7264,(株)ムロコーポレーション,東証STD,"1,375",+12,0.88,"5,900",2026/07/17
427,427,2305,(株)スタジオアリス,東証STD,"1,970",+17,0.87,"29,100",2026/07/17
428,428,2491,バリューコマース(株),東証PRM,462,+4,0.87,"211,000",2026/07/17
429,429,2670,(株)エービーシー・マート,東証PRM,"2,671.5",+23,0.87,"730,600",2026/07/17
430,430,360A,東証REIT Core ETF,東証ETF,"1,106",+9.5,0.87,220,2026/07/17
431,431,6564,(株)ミダックホールディングス,東証PRM,"2,193",+19,0.87,"31,100",2026/07/17
432,432,7860,エイベックス(株),東証PRM,"1,275",+11,0.87,"239,800",2026/07/17
433,433,8132,シナネンホールディングス(株),東証PRM,"6,930",+60,0.87,"3,800",2026/07/17
434,434,8301,日本銀行,東証,"23,200",+200,0.87,300,2026/07/17
435,435,143A,イシン(株),東証GRT,706,+6,0.86,500,2026/07/17
436,436,2117,ウェルネオシュガー(株),東証PRM,"2,706",+23,0.86,"22,700",2026/07/17
437,437,2294,(株)柿安本店,東証PRM,"2,591",+22,0.86,"30,500",2026/07/17
438,438,4816,東映アニメーション(株),東証STD,"2,801",+24,0.86,"390,800",2026/07/17
439,439,4373,シンプレクス・ホールディングス(株),東証PRM,"1,074",+9,0.85,"1,410,100",2026/07/17
440,440,2805,ヱスビー食品(株),東証STD,"5,980",+50,0.84,"46,900",2026/07/17
441,441,9433,ＫＤＤＩ(株),東証PRM,"2,868",+24,0.84,"10,157,100",2026/07/17
442,442,1697,WisdomTree 大豆上場投信,東証ETF,"4,596",+38,0.83,760,2026/07/17
443,443,2933,(株)紀文食品,東証PRM,"1,090",+9,0.83,"38,800",2026/07/17
444,444,3983,(株)オロ,東証PRM,"2,195",+18,0.83,"29,500",2026/07/17
445,445,3048,(株)ビックカメラ,東証PRM,"1,662",+13.5,0.82,"680,600",2026/07/17
446,446,3106,クラボウ,東証PRM,"9,860",+80,0.82,"44,500",2026/07/17
447,447,4170,(株)Ｋａｉｚｅｎ　Ｐｌａｔｆｏｒｍ,東証GRT,124,+1,0.81,"110,600",2026/07/17
448,448,2678,アスクル(株),東証PRM,"1,253",+10,0.8,"610,500",2026/07/17
449,449,2784,アルフレッサ　ホールディングス(株),東証PRM,"2,319",+18.5,0.8,"452,300",2026/07/17
450,450,3193,(株)エターナルホスピタリティグループ,東証PRM,"2,904",+23,0.8,"126,700",2026/07/17
451,451,3292,イオンリート投資法人,東証,"125,700","+1,000",0.8,"3,923",2026/07/17
452,452,9068,丸全昭和運輸(株),東証PRM,"7,590",+60,0.8,"30,100",2026/07/17
453,453,9267,Ｇｅｎｋｙ　ＤｒｕｇＳｔｏｒｅｓ(株),東証PRM,"3,770",+30,0.8,"58,800",2026/07/17
454,454,9450,(株)ファイバーゲート,東証STD,765,+6,0.79,"33,400",2026/07/17
455,455,2204,(株)中村屋,東証STD,"3,230",+25,0.78,"7,000",2026/07/17
456,456,2566,上場インデックスファンド日経ESGリート,東証ETF,"1,035",+8,0.78,514,2026/07/17
457,457,2639,GX バイオ＆メドテック-日本株式,東証ETF,"1,680",+13,0.78,"1,393",2026/07/17
458,458,2935,(株)ピックルスホールディングス,東証PRM,"1,162",+9,0.78,"17,400",2026/07/17
459,459,3543,(株)コメダホールディングス,東証PRM,"2,847",+22,0.78,"304,000",2026/07/17
460,460,4919,(株)ミルボン,東証PRM,"2,834",+22,0.78,"91,600",2026/07/17
461,461,6571,キュービーネットホールディングス(株),東証PRM,"1,289",+10,0.78,"16,500",2026/07/17
462,462,8227,(株)しまむら,東証PRM,"3,374",+26,0.78,"857,200",2026/07/17
463,463,8953,日本都市ファンド投資法人,東証,"115,700",+900,0.78,"19,198",2026/07/17
464,464,9254,(株)ラバブルマーケティンググループ,東証GRT,"1,164",+9,0.78,700,2026/07/17
465,465,4928,(株)ノエビアホールディングス,東証PRM,"4,605",+35,0.77,"79,100",2026/07/17
466,466,2179,(株)成学社,東証STD,798,+6,0.76,"1,500",2026/07/17
467,467,4733,(株)オービックビジネスコンサルタント,東証PRM,"6,620",+50,0.76,"160,500",2026/07/17
468,468,8086,ニプロ(株),東証PRM,"1,592",+12,0.76,"572,800",2026/07/17
469,469,1398,SMDAM 東証REIT指数上場投信,東証ETF,"1,890.5",+14,0.75,"205,550",2026/07/17
470,470,2109,ＤＭ三井製糖(株),東証PRM,"3,355",+25,0.75,"26,600",2026/07/17
471,471,2252,GX Morningstar 米国中小型 Moat,東証ETF,"1,472",+11,0.75,863,2026/07/17
472,472,3395,(株)サンマルクホールディングス,東証PRM,"2,569",+19,0.75,"70,800",2026/07/17
473,473,4641,(株)アルプス技研,東証PRM,808,+6,0.75,"110,700",2026/07/17
474,474,9936,(株)王将フードサービス,東証PRM,"2,971",+22,0.75,"263,000",2026/07/17
475,475,9959,アシードホールディングス(株),東証STD,943,+7,0.75,"4,600",2026/07/17
476,476,2915,ケンコーマヨネーズ(株),東証PRM,"2,051",+15,0.74,"20,500",2026/07/17
477,477,3679,(株)じげん,東証PRM,407,+3,0.74,"180,000",2026/07/17
478,478,4310,(株)ドリームインキュベータ,東証PRM,"2,578",+19,0.74,"22,400",2026/07/17
479,479,5966,ＫＴＣ(株),東証STD,"2,599",+19,0.74,500,2026/07/17
480,480,6089,(株)ウィルグループ,東証PRM,"1,094",+8,0.74,"50,000",2026/07/17
481,481,8984,大和ハウスリート投資法人,東証,"122,700",+900,0.74,"7,312",2026/07/17
482,482,9364,(株)上組,東証PRM,"5,145",+38,0.74,"352,700",2026/07/17
483,483,5018,(株)ＭＯＲＥＳＣＯ,東証STD,"2,079",+15,0.73,"75,700",2026/07/17
484,484,7886,ヤマト　モビリティ　＆　Ｍｆｇ．(株),東証STD,693,+5,0.73,"7,600",2026/07/17
485,485,8968,福岡リート投資法人,東証,"178,400","+1,300",0.73,"1,220",2026/07/17
486,486,9828,(株)Ｇｅｎｋｉ　Ｇｌｏｂａｌ　Ｄｉｎｉｎｇ　Ｃｏｎｃｅｐｔｓ,東証STD,"3,465",+25,0.73,"93,500",2026/07/17
487,487,1333,Ｕｍｉｏｓ(株),東証PRM,"1,333",+9.5,0.72,"879,700",2026/07/17
488,488,1560,(NEXT FUNDS)マレーシアKLCI連動型上場投信,東証ETF,"6,810",+49,0.72,627,2026/07/17
489,489,2528,iFreeETF 東証REIT Core指数,東証ETF,"1,118",+8,0.72,906,2026/07/17
490,490,8967,日本ロジスティクスファンド投資法人,東証,"98,500",+700,0.72,"5,676",2026/07/17
491,491,9799,旭情報サービス(株),東証STD,974,+7,0.72,"5,300",2026/07/17
492,492,9818,大丸エナウィン(株),東証STD,"1,531",+11,0.72,400,2026/07/17
493,493,9850,(株)グルメ杵屋,東証PRM,974,+7,0.72,"63,400",2026/07/17
494,494,2173,(株)博展,東証GRT,707,+5,0.71,"19,100",2026/07/17
495,495,2281,プリマハム(株),東証PRM,"2,419",+17,0.71,"105,500",2026/07/17
496,496,8173,(株)Ｊｏｓｈｉｎ,東証PRM,"3,565",+25,0.71,"113,300",2026/07/17
497,497,9082,大和自動車交通(株),東証STD,"1,550",+11,0.71,"5,400",2026/07/17
498,498,2810,ハウス食品グループ本社(株),東証PRM,"3,900",+27,0.7,"268,700",2026/07/17
499,499,3967,(株)エルテス,東証GRT,579,+4,0.7,"20,800",2026/07/17
500,500,4452,花王(株),東証PRM,"3,308",+23,0.7,"3,116,300",2026/07/17
501,501,7596,(株)魚力,東証PRM,"2,309",+16,0.7,"11,500",2026/07/17
502,502,8043,スターゼン(株),東証PRM,"1,291",+9,0.7,"132,400",2026/07/17
503,503,8219,青山商事(株),東証PRM,720,+5,0.7,"831,400",2026/07/17
504,504,1597,MAXIS Jリート上場投信,東証ETF,"1,894",+13,0.69,"262,010",2026/07/17
505,505,2211,(株)不二家,東証PRM,"2,479",+17,0.69,"27,100",2026/07/17
506,506,3011,(株)バナーズ,東証STD,146,+1,0.69,"35,200",2026/07/17
507,507,3234,森ヒルズリート投資法人,東証,"131,400",+900,0.69,"3,290",2026/07/17
508,508,443A,iFreeETF 東証REIT指数(2・5・8・11月決算型),東証ETF,"1,903",+13,0.69,"39,609",2026/07/17
509,509,4559,ゼリア新薬工業(株),東証PRM,"2,054",+14,0.69,"75,100",2026/07/17
510,510,4577,ダイト(株),東証PRM,"1,309",+9,0.69,"60,400",2026/07/17
511,511,476A,辻・本郷ＩＴコンサルティング(株),東証STD,"1,599",+11,0.69,"2,100",2026/07/17
512,512,7893,(株)プロネクサス,東証PRM,"1,161",+8,0.69,"35,700",2026/07/17
513,513,9537,北陸ガス(株),東証STD,"4,380",+30,0.69,400,2026/07/17
514,514,497A,インバウンド消費関連 日本株(ネットリターン)ETN,東証ETF,"10,400",+70,0.68,"1,005",2026/07/17
515,515,7114,(株)フーディソン,東証GRT,742,+5,0.68,"3,200",2026/07/17
516,516,8016,(株)オンワードホールディングス,東証PRM,743,+5,0.68,"696,900",2026/07/17
517,517,3597,(株)自重堂,東証STD,"8,990",+60,0.67,"3,700",2026/07/17
518,518,3851,(株)日本一ソフトウェア,東証STD,896,+6,0.67,"5,900",2026/07/17
519,519,7963,興研(株),東証STD,"1,813",+12,0.67,"9,600",2026/07/17
520,520,3290,Oneリート投資法人,東証,"76,200",+500,0.66,"3,285",2026/07/17
521,521,3481,三菱地所物流リート投資法人,東証,"122,600",+800,0.66,"3,282",2026/07/17
522,522,3521,テルマー湯ホールディングス(株),東証STD,152,+1,0.66,"7,000",2026/07/17
523,523,4951,エステー(株),東証PRM,"1,521",+10,0.66,"14,400",2026/07/17
524,524,7630,(株)壱番屋,東証PRM,910,+6,0.66,"270,400",2026/07/17
525,525,7741,ＨＯＹＡ(株),東証PRM,"25,215",+165,0.66,"1,065,900",2026/07/17
526,526,237A,iシェアーズ 米国債25年超 ロングデュレーション,東証ETF,155.9,+1,0.65,"412,220",2026/07/17
527,527,2908,フジッコ(株),東証PRM,"1,560",+10,0.65,"66,700",2026/07/17
528,528,3031,(株)ラクーンホールディングス,東証PRM,622,+4,0.65,"100,500",2026/07/17
529,529,4544,Ｈ．Ｕ．グループホールディングス(株),東証PRM,"3,388",+22,0.65,"167,900",2026/07/17
530,530,5108,(株)ブリヂストン,東証PRM,"3,729",+24,0.65,"4,905,600",2026/07/17
531,531,6334,明治機械(株),東証STD,468,+3,0.65,"3,700",2026/07/17
532,532,7060,ギークス(株),東証STD,618,+4,0.65,"33,000",2026/07/17
533,533,3032,(株)ゴルフ・ドゥ,名証NXT,316,+2,0.64,"8,700",2026/07/17
534,534,3471,三井不動産ロジスティクスパーク投資法人,東証,"110,400",+700,0.64,"6,331",2026/07/17
535,535,4927,(株)ポーラ・オルビスホールディングス,東証PRM,"1,335",+8.5,0.64,"626,400",2026/07/17
536,536,6070,キャリアリンク(株),東証PRM,"2,360",+15,0.64,"34,500",2026/07/17
537,537,7461,(株)キムラ,東証STD,470,+3,0.64,"1,600",2026/07/17
538,538,7956,ピジョン(株),東証PRM,"2,029.5",+13,0.64,"849,700",2026/07/17
539,539,8133,伊藤忠エネクス(株),東証PRM,"2,053",+13,0.64,"172,400",2026/07/17
540,540,9020,東日本旅客鉄道(株),東証PRM,"3,624",+23,0.64,"3,173,800",2026/07/17
541,541,3249,産業ファンド投資法人,東証,"144,700",+900,0.63,"9,112",2026/07/17
542,542,3834,(株)朝日ネット,東証PRM,640,+4,0.63,"20,000",2026/07/17
543,543,8056,ＢＩＰＲＯＧＹ(株),東証PRM,"4,663",+29,0.63,"379,300",2026/07/17
544,544,8276,(株)平和堂,東証PRM,"2,573",+16,0.63,"106,400",2026/07/17
545,545,9063,岡山県貨物運送(株),東証STD,"4,025",+25,0.63,500,2026/07/17
546,546,6287,(株)サトー,東証PRM,"2,447",+15,0.62,"151,200",2026/07/17
547,547,7270,(株)ＳＵＢＡＲＵ,東証PRM,"2,534",+15.5,0.62,"3,810,700",2026/07/17
548,548,9051,センコン物流(株),東証STD,"1,290",+8,0.62,"2,000",2026/07/17
549,549,2734,(株)サーラコーポレーション,東証PRM,"1,155",+7,0.61,"313,600",2026/07/17
550,550,4095,日本パーカライジング(株),東証PRM,"1,641",+10,0.61,"164,200",2026/07/17
551,551,4350,(株)メディカルシステムネットワーク,東証STD,493,+3,0.61,"57,600",2026/07/17
552,552,4819,(株)デジタルガレージ,東証PRM,"2,311",+14,0.61,"468,600",2026/07/17
553,553,575A,前澤ホールディングス(株),東証PRM,"1,800",+11,0.61,"253,900",2026/07/17
554,554,6030,(株)アドベンチャー,東証GRT,"1,494",+9,0.61,"17,300",2026/07/17
555,555,8986,大和証券リビング投資法人,東証,"98,800",+600,0.61,"5,201",2026/07/17
556,556,2641,GX グローバルリーダーズ-日本株式,東証ETF,"4,339",+26,0.6,"18,225",2026/07/17
557,557,7416,(株)はるやまホールディングス,東証STD,675,+4,0.6,"1,500",2026/07/17
558,558,2454,(株)オールアバウト,東証STD,339,+2,0.59,"3,900",2026/07/17
559,559,4245,(株)ダイキアクシス,東証STD,679,+4,0.59,"17,300",2026/07/17
560,560,436A,サイバーソリューションズ(株),東証GRT,"1,031",+6,0.59,"27,900",2026/07/17
561,561,7218,田中精密工業(株),東証STD,"1,031",+6,0.59,"1,700",2026/07/17
562,562,7575,日本ライフライン(株),東証PRM,"1,368",+8,0.59,"149,000",2026/07/17
563,563,9701,(株)東京會舘,東証STD,"4,275",+25,0.59,600,2026/07/17
564,564,2209,井村屋グループ(株),東証PRM,"2,415",+14,0.58,"19,700",2026/07/17
565,565,2255,iシェアーズ 米国債20年超,東証ETF,209.1,+1.2,0.58,"216,310",2026/07/17
566,566,2371,(株)カカクコム,東証PRM,"3,615",+21,0.58,"697,000",2026/07/17
567,567,8160,(株)木曽路,東証PRM,"2,419",+14,0.58,"93,400",2026/07/17
568,568,9219,(株)ギックス,東証GRT,860,+5,0.58,"13,700",2026/07/17
569,569,9362,兵機海運(株),東証STD,"3,495",+20,0.58,200,2026/07/17
570,570,9903,(株)カンセキ,東証STD,874,+5,0.58,"3,900",2026/07/17
571,571,2039,NEXT NOTES ドバイ原油先物 ベア ETN,東証ETF,526,+3,0.57,"262,901",2026/07/17
572,572,3659,(株)ネクソン,東証PRM,"2,298",+13,0.57,"2,375,200",2026/07/17
573,573,383A,MAXIS S&P500均等ウェイト,東証ETF,"2,650",+15,0.57,"1,653",2026/07/17
574,574,426A,ニッセイ ETF S&P500イコール・ウェイト(H無),東証ETF,"1,244",+7,0.57,978,2026/07/17
575,575,9305,(株)ヤマタネ,東証PRM,"2,109",+12,0.57,"75,500",2026/07/17
576,576,2146,ＵＴグループ(株),東証PRM,181,+1,0.56,"6,256,400",2026/07/17
577,577,5658,日亜鋼業(株),東証STD,362,+2,0.56,"50,500",2026/07/17
578,578,9682,(株)ＤＴＳ,東証PRM,"1,078",+6,0.56,"284,800",2026/07/17
579,579,2327,日鉄ソリューションズ(株),東証PRM,"3,837",+21,0.55,"276,700",2026/07/17
580,580,2384,ＳＢＳホールディングス(株),東証PRM,"4,560",+25,0.55,"223,800",2026/07/17
581,581,3053,(株)ペッパーフードサービス,東証STD,184,+1,0.55,"146,700",2026/07/17
582,582,3092,(株)ＺＯＺＯ,東証PRM,"1,193",+6.5,0.55,"4,239,200",2026/07/17
583,583,3914,ＪＩＧ－ＳＡＷ(株),東証GRT,"2,378",+13,0.55,"13,800",2026/07/17
584,584,7524,マルシェ(株),東証STD,183,+1,0.55,"10,400",2026/07/17
585,585,7840,フランスベッドホールディングス(株),東証PRM,"1,273",+7,0.55,"28,300",2026/07/17
586,586,9052,山陽電気鉄道(株),東証PRM,"1,996",+11,0.55,"21,200",2026/07/17
587,587,9769,(株)学究社,東証PRM,"2,567",+14,0.55,"8,600",2026/07/17
588,588,1345,上場インデックスファンドJリート隔月分配,東証ETF,"1,859",+10,0.54,"59,976",2026/07/17
589,589,3352,(株)バッファロー,東証STD,"1,663",+9,0.54,"2,600",2026/07/17
590,590,8097,三愛オブリ(株),東証PRM,"2,227",+12,0.54,"96,700",2026/07/17
591,591,2462,ライク(株),東証PRM,"1,523",+8,0.53,"24,900",2026/07/17
592,592,258A,SMT ETF国内リート厳選投資アクティブ,東証ETF,"2,101",+11,0.53,433,2026/07/17
593,593,5923,高田機工(株),東証STD,"1,131",+6,0.53,"1,600",2026/07/17
594,594,8214,(株)ＡＯＫＩホールディングス,東証PRM,"1,709",+9,0.53,"288,900",2026/07/17
595,595,8584,(株)ジャックス,東証PRM,"3,765",+20,0.53,"105,300",2026/07/17
596,596,8961,森トラストリート投資法人,東証,"76,100",+400,0.53,"4,051",2026/07/17
597,597,9024,(株)西武ホールディングス,東証PRM,"3,619",+19,0.53,"2,221,100",2026/07/17
598,598,9507,四国電力(株),東証PRM,"1,505",+8,0.53,"766,200",2026/07/17
599,599,9832,(株)オートバックスセブン,東証PRM,"1,509",+8,0.53,"253,300",2026/07/17
600,600,2693,ＹＫＴ(株),東証STD,385,+2,0.52,"200,700",2026/07/17
601,601,2855,GX グリーン・J-REIT,東証ETF,968,+5,0.52,53,2026/07/17
602,602,7095,(株)Ｍａｃｂｅｅ　Ｐｌａｎｅｔ,東証PRM,"1,156",+6,0.52,"90,500",2026/07/17
603,603,235A,GX 高配当30-日本株式,東証ETF,"1,377",+7,0.51,"97,890",2026/07/17
604,604,2730,(株)エディオン,東証PRM,"2,385",+12,0.51,"365,700",2026/07/17
605,605,3295,ヒューリックリート投資法人,東証,"158,000",+800,0.51,"2,342",2026/07/17
606,606,4722,フューチャー(株),東証PRM,"2,161",+11,0.51,"952,600",2026/07/17
607,607,6099,(株)エラン,東証PRM,785,+4,0.51,"76,300",2026/07/17
608,608,9324,安田倉庫(株),東証PRM,"2,574",+13,0.51,"110,400",2026/07/17
609,609,1630,(NEXT FUNDS)小売上場投信,東証ETF,"38,220",+190,0.5,837,2026/07/17
610,610,1999,サイタホールディングス(株),福証,"4,010",+20,0.5,200,2026/07/17
611,611,3712,(株)情報企画,東証STD,"1,010",+5,0.5,"10,000",2026/07/17
612,612,3950,ザ・パック(株),東証PRM,"1,421",+7,0.5,"153,900",2026/07/17
613,613,4839,(株)ＷＯＷＯＷ,東証PRM,"1,003",+5,0.5,"74,100",2026/07/17
614,614,5132,(株)ｐｌｕｓｚｅｒｏ,東証GRT,"2,022",+10,0.5,"50,500",2026/07/17
615,615,6029,アトラグループ(株),東証STD,201,+1,0.5,"70,300",2026/07/17
616,616,7076,名南Ｍ＆Ａ(株),名証MN,"1,008",+5,0.5,"2,100",2026/07/17
617,617,7508,(株)Ｇ－７ホールディングス,東証PRM,"1,411",+7,0.5,"38,900",2026/07/17
618,618,2221,岩塚製菓(株),東証STD,"3,065",+15,0.49,"7,200",2026/07/17
619,619,245A,(株)ＩＮＧＳ,東証GRT,"2,472",+12,0.49,"3,300",2026/07/17
620,620,3222,ユナイテッド・スーパーマーケット・ホールディングス(株),東証STD,822,+4,0.49,"403,200",2026/07/17
621,621,376A,(NEXT FUNDS)ブルームバーグ米国国債(7-10年)(75%H有),東証ETF,"4,956",+24,0.49,202,2026/07/17
622,622,6193,バーチャレクス・ホールディングス(株),東証GRT,"1,026",+5,0.49,"3,400",2026/07/17
623,623,6199,(株)セラク,東証STD,"1,236",+6,0.49,"19,600",2026/07/17
624,624,8964,三井不動産商業ファンド投資法人,東証,"81,900",+400,0.49,"6,306",2026/07/17
625,625,9312,ケイヒン(株),東証STD,"2,884",+14,0.49,"15,600",2026/07/17
626,626,3296,日本リート投資法人,東証,"83,500",+400,0.48,"2,763",2026/07/17
627,627,3392,デリカフーズホールディングス(株),東証STD,845,+4,0.48,"9,700",2026/07/17
628,628,3653,(株)モルフォ,東証GRT,634,+3,0.48,"12,300",2026/07/17
629,629,4301,(株)アミューズ,東証PRM,"1,889",+9,0.48,"14,500",2026/07/17
630,630,4413,(株)ボードルア,東証PRM,"3,125",+15,0.48,"289,200",2026/07/17
631,631,453A,iシェアーズ 米国債20年超プレミアムインカム,東証ETF,792.8,+3.8,0.48,"100,090",2026/07/17
632,632,530A,NZAM 上場投信 東証REIT指数(2・5・8・11月決算型),東証ETF,"1,886",+9,0.48,"30,343",2026/07/17
633,633,9405,朝日放送グループホールディングス(株),東証PRM,839,+4,0.48,"56,900",2026/07/17
634,634,9535,広島ガス(株),東証PRM,422,+2,0.48,"131,800",2026/07/17
635,635,9612,(株)ラックランド,東証PRM,"1,259",+6,0.48,"44,000",2026/07/17
636,636,3269,アドバンス・レジデンス投資法人,東証,"150,800",+700,0.47,"7,204",2026/07/17
637,637,3466,ラサールロジポート投資法人,東証,"149,300",+700,0.47,"4,830",2026/07/17
638,638,297A,アルピコホールディングス(株),東証STD,218,+1,0.46,"57,700",2026/07/17
639,639,3673,(株)ブロードリーフ,東証PRM,439,+2,0.46,"542,900",2026/07/17
640,640,7678,(株)あさくま,東証STD,"6,600",+30,0.46,"15,500",2026/07/17
641,641,9193,東京汽船(株),東証STD,868,+4,0.46,"8,500",2026/07/17
642,642,2168,(株)パソナグループ,東証PRM,"1,555",+7,0.45,"261,800",2026/07/17
643,643,2818,(株)ピエトロ,東証STD,"1,770",+8,0.45,"11,200",2026/07/17
644,644,3291,飯田グループホールディングス(株),東証PRM,"2,251",+10,0.45,"752,200",2026/07/17
645,645,3932,(株)アカツキ,東証PRM,"2,882",+13,0.45,"77,000",2026/07/17
646,646,4875,メディシノバ,東証STD外国,221,+1,0.45,"57,800",2026/07/17
647,647,7294,(株)ヨロズ,東証PRM,885,+4,0.45,"59,700",2026/07/17
648,648,7554,(株)幸楽苑,東証PRM,"1,125",+5,0.45,"50,900",2026/07/17
649,649,180A,GX 超長期米国債,東証ETF,296.3,+1.3,0.44,"7,130",2026/07/17
650,650,5038,(株)ｅＷｅＬＬ,東証GRT,"2,034",+9,0.44,"16,900",2026/07/17
651,651,7482,(株)シモジマ,東証PRM,"1,377",+6,0.44,"21,000",2026/07/17
652,652,9044,(株)ＮＡＮＫＡＩ,東証PRM,"2,948",+13,0.44,"235,000",2026/07/17
653,653,4027,テイカ(株),東証PRM,"2,351",+10,0.43,"110,200",2026/07/17
654,654,4666,パーク２４(株),東証PRM,"2,005",+8.5,0.43,"868,000",2026/07/17
655,655,7515,(株)マルヨシセンター,東証STD,"4,620",+20,0.43,100,2026/07/17
656,656,8987,ジャパンエクセレント投資法人,東証,"141,000",+600,0.43,"2,476",2026/07/17
657,657,9319,(株)中央倉庫,東証PRM,"1,855",+8,0.43,"13,200",2026/07/17
658,658,9856,(株)ケーユーホールディングス,東証STD,"1,171",+5,0.43,"30,900",2026/07/17
659,659,3405,(株)クラレ,東証PRM,"1,774",+7.5,0.42,"1,977,300",2026/07/17
660,660,3551,ダイニック(株),東証STD,"1,431",+6,0.42,"22,900",2026/07/17
661,661,6824,新コスモス電機(株),東証STD,"4,765",+20,0.42,"7,500",2026/07/17
662,662,211A,(株)カドス・コーポレーション,東証STD,"3,690",+15,0.41,"5,600",2026/07/17
663,663,2270,雪印メグミルク(株),東証PRM,"3,680",+15,0.41,"205,700",2026/07/17
664,664,2552,上場Ｊリート(東証REIT指数)隔月分配(ミニ),東証ETF,"1,976",+8,0.41,"9,470",2026/07/17
665,665,3180,(株)ビューティガレージ,東証PRM,"1,481",+6,0.41,"15,500",2026/07/17
666,666,3962,(株)チェンジホールディングス,東証PRM,974,+4,0.41,"320,900",2026/07/17
667,667,4524,森下仁丹(株),東証STD,"2,183",+9,0.41,"1,300",2026/07/17
668,668,7035,ａｎｄ　ｆａｃｔｏｒｙ(株),東証STD,247,+1,0.41,"21,400",2026/07/17
669,669,9434,ソフトバンク(株),東証PRM,220.5,+0.9,0.41,"95,105,200",2026/07/17
670,670,9715,トランスコスモス(株),東証PRM,"3,700",+15,0.41,"92,900",2026/07/17
671,671,9904,(株)ベリテ,東証STD,242,+1,0.41,"23,500",2026/07/17
672,672,2331,ＡＬＳＯＫ(株),東証PRM,"1,132.5",+4.5,0.4,"1,238,500",2026/07/17
673,673,4613,関西ペイント(株),東証PRM,"2,666",+10.5,0.4,"618,700",2026/07/17
674,674,5357,(株)ヨータイ,東証PRM,"1,759",+7,0.4,"30,600",2026/07/17
675,675,9310,日本トランスシティ(株),東証PRM,"1,254",+5,0.4,"153,400",2026/07/17
676,676,9347,日本管財ホールディングス(株),東証PRM,"2,772",+11,0.4,"40,300",2026/07/17
677,677,1486,上場インデックスファンド米国債券(H無),東証ETF,"24,315",+95,0.39,290,2026/07/17
678,678,2815,アリアケジャパン(株),東証PRM,"5,210",+20,0.39,"90,800",2026/07/17
679,679,3177,(株)ありがとうサービス,東証STD,"3,880",+15,0.39,"4,000",2026/07/17
680,680,5603,虹技(株),東証STD,"1,283",+5,0.39,"4,200",2026/07/17
681,681,7126,グローバルスタイル(株),東証STD,"1,543",+6,0.39,"6,300",2026/07/17
682,682,7475,アルビス(株),東証PRM,"2,585",+10,0.39,"13,700",2026/07/17
683,683,2378,(株)ルネサンス,東証PRM,"1,048",+4,0.38,"34,100",2026/07/17
684,684,3183,ウイン・パートナーズ(株),東証PRM,"1,306",+5,0.38,"10,200",2026/07/17
685,685,3591,(株)ワコールホールディングス,東証PRM,"4,510",+17,0.38,"96,400",2026/07/17
686,686,9365,トレーディア(株),東証STD,"1,580",+6,0.38,400,2026/07/17
687,687,1419,タマホーム(株),東証PRM,"2,984",+11,0.37,"185,400",2026/07/17
688,688,4249,森六(株),東証PRM,"2,450",+9,0.37,"23,200",2026/07/17
689,689,7087,(株)ウイルテック,東証STD,"1,355",+5,0.37,"1,100",2026/07/17
690,690,8960,ユナイテッド・アーバン投資法人,東証,"161,200",+600,0.37,"5,973",2026/07/17
691,691,2122,(株)インタースペース,東証STD,"1,394",+5,0.36,"4,400",2026/07/17
692,692,363A,iFreeETF 英国FTSE100,東証ETF,"2,750",+10,0.36,330,2026/07/17
693,693,381A,iFreeETF 米国国債3-5年(H無),東証ETF,"2,257",+8,0.36,"8,252",2026/07/17
694,694,4097,高圧ガス工業(株),東証PRM,"1,115",+4,0.36,"42,900",2026/07/17
695,695,7068,フィードフォースグループ(株),東証GRT,559,+2,0.36,"128,700",2026/07/17
696,696,7611,(株)ハイデイ日高,東証PRM,"2,826",+10,0.36,"159,000",2026/07/17
697,697,2630,MAXIS 米国株式(S&P500)上場投信(H有),東証ETF,"15,970",+55,0.35,686,2026/07/17
698,698,4015,ペイクラウドホールディングス(株),東証GRT,578,+2,0.35,"69,300",2026/07/17
699,699,9531,東京ガス(株),東証PRM,"6,087",+21,0.35,"1,436,000",2026/07/17
700,700,9629,ピー・シー・エー(株),東証PRM,"1,434",+5,0.35,"35,700",2026/07/17
701,701,25935,(株)伊藤園第1種優先株式,東証PRM,"1,784",+6,0.34,"26,600",2026/07/17
702,702,3283,日本プロロジスリート投資法人,東証,"88,800",+300,0.34,"10,709",2026/07/17
703,703,3863,日本製紙(株),東証PRM,"1,460",+5,0.34,"946,500",2026/07/17
704,704,4151,協和キリン(株),東証PRM,"2,654.5",+9,0.34,"1,200,300",2026/07/17
705,705,4931,新日本製薬(株),東証PRM,"2,040",+7,0.34,"16,200",2026/07/17
706,706,182A,MAXIS 米国国債20年超上場投信(H無),東証ETF,511.8,+1.7,0.33,"1,010",2026/07/17
707,707,201A,iシェアーズ Nifty 50 インド株 ETF,東証ETF,184.2,+0.6,0.33,"114,020",2026/07/17
708,708,2293,滝沢ハム(株),東証STD,"2,727",+9,0.33,100,2026/07/17
709,709,2849,GX Morningstar 高配当 ESG-日本株式,東証ETF,"5,460",+18,0.33,64,2026/07/17
710,710,3981,(株)ビーグリー,東証STD,"1,210",+4,0.33,"3,600",2026/07/17
711,711,7951,ヤマハ(株),東証PRM,"1,226",+4,0.33,"2,580,800",2026/07/17
712,712,9341,(株)ＧＥＮＯＶＡ,東証PRM,613,+2,0.33,"70,200",2026/07/17
713,713,2208,(株)ブルボン,東証STD,"3,145",+10,0.32,"1,400",2026/07/17
714,714,4526,理研ビタミン(株),東証PRM,"3,155",+10,0.32,"51,900",2026/07/17
715,715,6718,アイホン(株),東証PRM,"2,788",+9,0.32,"23,700",2026/07/17
716,716,9543,静岡ガス(株),東証PRM,"1,244",+4,0.32,"135,200",2026/07/17
717,717,2038,NEXT NOTES ドバイ原油先物 ダブル・ブル ETN,東証ETF,"2,292",+7,0.31,"111,497",2026/07/17
718,718,2256,iシェアーズ 米国総合債券,東証ETF,226.7,+0.7,0.31,"44,550",2026/07/17
719,719,2795,日本プリメックス(株),東証STD,978,+3,0.31,300,2026/07/17
720,720,3921,(株)ネオジャパン,東証PRM,"1,620",+5,0.31,"12,800",2026/07/17
721,721,9225,ブリッジコンサルティンググループ(株),東証GRT,980,+3,0.31,"1,200",2026/07/17
722,722,9346,(株)ココルポート,東証GRT,"1,635",+5,0.31,"3,300",2026/07/17
723,723,1494,One ETF 高配当日本株,東証ETF,"44,040",+130,0.3,"2,880",2026/07/17
724,724,2647,(NEXT FUNDS)ブルームバーグ米国国債(7-10年)(H無),東証ETF,"6,045",+18,0.3,314,2026/07/17
725,725,3333,(株)あさひ,東証PRM,"1,345",+4,0.3,"109,200",2026/07/17
726,726,6082,(株)ライドオンエクスプレスホールディングス,東証STD,992,+3,0.3,"10,200",2026/07/17
727,727,6189,(株)グローバルキッズＣＯＭＰＡＮＹ,東証STD,998,+3,0.3,"11,000",2026/07/17
728,728,7345,(株)アイ・パートナーズフィナンシャル,東証GRT,989,+3,0.3,"2,100",2026/07/17
729,729,8130,(株)サンゲツ,東証PRM,"3,005",+9,0.3,"192,900",2026/07/17
730,730,2613,(株)Ｊ－オイルミルズ,東証PRM,"2,103",+6,0.29,"50,700",2026/07/17
731,731,2698,(株)キャンドゥ,東証STD,"3,495",+10,0.29,"11,400",2026/07/17
732,732,3139,(株)ラクト・ジャパン,東証PRM,"3,475",+10,0.29,"40,500",2026/07/17
733,733,4337,ぴあ(株),東証PRM,"2,737",+8,0.29,"15,100",2026/07/17
734,734,8174,日本瓦斯(株),東証PRM,"2,893.5",+8.5,0.29,"224,200",2026/07/17
735,735,1343,(NEXT FUNDS)東証REIT指数連動型上場投信,東証ETF,"1,981.5",+5.5,0.28,"2,626,980",2026/07/17
736,736,1660,MAXIS高利回りJリート上場投信,東証ETF,"10,645",+30,0.28,"2,040",2026/07/17
737,737,181A,MAXIS 米国国債1-3年上場投信(H無),東証ETF,545.8,+1.5,0.28,550,2026/07/17
738,738,2157,(株)コシダカホールディングス,東証PRM,"1,059",+3,0.28,"517,400",2026/07/17
739,739,2551,マルサンアイ(株),名証MN,"3,565",+10,0.28,600,2026/07/17
740,740,3488,セントラル・リート投資法人,東証,"105,900",+300,0.28,935,2026/07/17
741,741,4716,日本オラクル(株),東証STD,"8,514",+24,0.28,"340,500",2026/07/17
742,742,5947,リンナイ(株),東証PRM,"3,628",+10,0.28,"350,000",2026/07/17
743,743,7683,(株)ダブルエー,東証PRM,"1,426",+4,0.28,"31,200",2026/07/17
744,744,7777,(株)スリー・ディー・マトリックス,東証GRT,352,+1,0.28,"2,427,800",2026/07/17
745,745,4441,トビラシステムズ(株),東証STD,"1,504",+4,0.27,"26,900",2026/07/17
746,746,7538,(株)大水,東証STD,376,+1,0.27,"9,800",2026/07/17
747,747,8876,(株)リログループ,東証PRM,"2,013",+5.5,0.27,"422,600",2026/07/17
748,748,8945,サンネクスタグループ(株),東証STD,"1,104",+3,0.27,"1,100",2026/07/17
749,749,8979,スターツプロシード投資法人,東証,"188,200",+500,0.27,343,2026/07/17
750,750,9023,東京地下鉄(株),東証PRM,"1,472",+4,0.27,"1,765,600",2026/07/17
751,751,2070,スマート ESG30 女性活躍(ネットリターン)ETN,東証ETF,"15,595",+40,0.26,1,2026/07/17
752,752,233A,iFreeETF インドNifty50,東証ETF,"1,896",+5,0.26,"6,544",2026/07/17
753,753,2689,オルバヘルスケアホールディングス(株),東証STD,"1,925",+5,0.26,"2,300",2026/07/17
754,754,3167,(株)ＴＯＫＡＩホールディングス,東証PRM,"1,149",+3,0.26,"247,000",2026/07/17
755,755,6849,日本光電,東証PRM,"1,557",+4,0.26,"727,500",2026/07/17
756,756,7265,エイケン工業(株),東証STD,"3,825",+10,0.26,200,2026/07/17
757,757,7347,(株)マーキュリアホールディングス,東証PRM,777,+2,0.26,"12,500",2026/07/17
758,758,9029,(株)ヒガシホールディングス,東証STD,"1,927",+5,0.26,"14,400",2026/07/17
759,759,9534,北海道ガス(株),東証PRM,776,+2,0.26,"140,200",2026/07/17
760,760,9716,(株)乃村工藝社,東証PRM,"1,172",+3,0.26,"344,900",2026/07/17
761,761,2511,(NEXT FUNDS)外国債券・FTSE世界国債(除く日本・H無),東証ETF,"1,203.5",+3,0.25,"66,040",2026/07/17
762,762,2561,iシェアーズ・コア 日本国債 ETF,東証ETF,"2,012",+5,0.25,"5,093",2026/07/17
763,763,2594,キーコーヒー(株),東証PRM,"1,988",+5,0.25,"61,100",2026/07/17
764,764,3226,三井不動産アコモデーションファンド投資法人,東証,"122,000",+300,0.25,"5,960",2026/07/17
765,765,4901,富士フイルムホールディングス(株),東証PRM,"3,633",+9,0.25,"4,232,300",2026/07/17
766,766,5533,(株)エリッツホールディングス,東証STD,"2,045",+5,0.25,600,2026/07/17
767,767,7585,(株)かんなん丸,東証STD,409,+1,0.25,"2,900",2026/07/17
768,768,7870,福島印刷(株),名証MN,396,+1,0.25,"2,100",2026/07/17
769,769,8119,(株)三栄コーポレーション,東証STD,790,+2,0.25,"2,000",2026/07/17
770,770,8203,(株)ＭｒＭａｘＨＤ,東証PRM,797,+2,0.25,"53,000",2026/07/17
771,771,9065,山九(株),東証PRM,"8,673",+22,0.25,"142,600",2026/07/17
772,772,9240,(株)デリバリーコンサルティング,東証GRT,397,+1,0.25,"12,500",2026/07/17
773,773,9533,東邦ガス(株),東証PRM,"1,203.5",+3,0.25,"1,020,800",2026/07/17
774,774,2220,亀田製菓(株),東証PRM,"1,253",+3,0.24,"133,700",2026/07/17
775,775,238A,iシェアーズ 米国債25年超 ロングデュレーション(H有),東証ETF,125.6,+0.3,0.24,"500,330",2026/07/17
776,776,2937,(株)サンクゼール,東証GRT,"1,705",+4,0.24,"2,300",2026/07/17
777,777,3174,(株)ハピネス・アンド・ディ,東証STD,416,+1,0.24,"9,900",2026/07/17
778,778,3329,東和フードサービス(株),東証STD,"2,104",+5,0.24,"2,800",2026/07/17
779,779,3565,アセンテック(株),東証STD,412,+1,0.24,"298,700",2026/07/17
780,780,3955,(株)イムラ,東証STD,834,+2,0.24,"2,000",2026/07/17
781,781,4074,(株)ラキール,東証GRT,833,+2,0.24,"10,500",2026/07/17
782,782,468A,GX 米ドル建て投資適格社債,東証ETF,292.1,+0.7,0.24,520,2026/07/17
783,783,538A,NZAM 上場投信 米国国債7-10年(H無),東証ETF,"5,019",+12,0.24,2,2026/07/17
784,784,5921,川岸工業(株),東証STD,"4,095",+10,0.24,"1,000",2026/07/17
785,785,6932,(株)遠藤照明,東証STD,"2,485",+6,0.24,"76,200",2026/07/17
786,786,8118,(株)キング,東証STD,"1,244",+3,0.24,"2,100",2026/07/17
787,787,3815,(株)メディア工房,東証GRT,444,+1,0.23,"5,700",2026/07/17
788,788,7775,大研医器(株),東証STD,430,+1,0.23,"52,100",2026/07/17
789,789,7915,ＮＩＳＳＨＡ(株),東証PRM,"1,330",+3,0.23,"221,500",2026/07/17
790,790,9339,(株)コーチ・エィ,東証STD,"1,335",+3,0.23,600,2026/07/17
791,791,1656,iシェアーズ･コア 米国債7-10年 ETF,東証ETF,318.1,+0.7,0.22,"136,190",2026/07/17
792,792,2838,MAXIS 米国国債7-10年上場投信(H無),東証ETF,"9,018",+20,0.22,"13,131",2026/07/17
793,793,2839,MAXIS 米国国債7-10年上場投信(H有),東証ETF,"5,052",+11,0.22,"4,212",2026/07/17
794,794,3457,(株)Ａｎｄ　Ｄｏホールディングス,東証PRM,932,+2,0.22,"126,100",2026/07/17
795,795,368A,(株)北里,東証PRM,"1,359",+3,0.22,"162,400",2026/07/17
796,796,7965,象印マホービン(株),東証PRM,"1,393",+3,0.22,"194,800",2026/07/17
797,797,8559,(株)豊和銀行,福証,460,+1,0.22,"6,100",2026/07/17
798,798,9853,(株)銀座ルノアール,東証STD,908,+2,0.22,"4,000",2026/07/17
799,799,9928,(株)ミロク情報サービス,東証PRM,"1,813",+4,0.22,"16,500",2026/07/17
800,800,1487,上場インデックスファンド米国債券(H有),東証ETF,"11,870",+25,0.21,213,2026/07/17
801,801,1869,名工建設(株),名証MN,"1,902",+4,0.21,"4,500",2026/07/17
802,802,2090,NZAM 上場投信 米国国債7-10年(H有),東証ETF,"4,352",+9,0.21,2,2026/07/17
803,803,2304,(株)ＣＳＳホールディングス,東証STD,942,+2,0.21,"5,000",2026/07/17
804,804,2432,(株)ディー・エヌ・エー,東証PRM,"2,415",+5,0.21,"955,200",2026/07/17
805,805,2789,(株)カルラ,東証STD,469,+1,0.21,"2,600",2026/07/17
806,806,2792,(株)ハニーズホールディングス,東証PRM,"1,408",+3,0.21,"61,700",2026/07/17
807,807,3880,大王製紙(株),東証PRM,963,+2,0.21,"186,000",2026/07/17
808,808,3944,古林紙工(株),東証STD,"2,415",+5,0.21,100,2026/07/17
809,809,4887,サワイグループホールディングス(株),東証PRM,"1,681",+3.5,0.21,"523,600",2026/07/17
810,810,7702,(株)ＪＭＳ,東証STD,468,+1,0.21,"34,700",2026/07/17
811,811,7839,(株)ＳＨＯＥＩ,東証PRM,"1,874",+4,0.21,"158,400",2026/07/17
812,812,8975,いちごオフィスリート投資法人,東証,"93,600",+200,0.21,"2,801",2026/07/17
813,813,179A,GX 超長期米国債 (H有),東証ETF,248.4,+0.5,0.2,"6,930",2026/07/17
814,814,1887,日本国土開発(株),東証PRM,510,+1,0.2,"775,900",2026/07/17
815,815,2349,(株)エヌアイデイ,東証STD,"2,515",+5,0.2,"2,000",2026/07/17
816,816,2607,不二製油(株),東証PRM,"3,951",+8,0.2,"174,700",2026/07/17
817,817,2621,iシェアーズ 米国債20年超(H有),東証ETF,"1,019",+2,0.2,"111,597",2026/07/17
818,818,2796,ファーマライズホールディングス(株),東証STD,494,+1,0.2,"3,900",2026/07/17
819,819,4177,(株)ｉ－ｐｌｕｇ,東証GRT,"1,503",+3,0.2,"1,600",2026/07/17
820,820,4178,(株)Ｓｈａｒｉｎｇ　Ｉｎｎｏｖａｔｉｏｎｓ,東証GRT,502,+1,0.2,"3,300",2026/07/17
821,821,5199,不二ラテックス(株),東証STD,"1,978",+4,0.2,700,2026/07/17
822,822,6257,(株)藤商事,東証STD,"1,017",+2,0.2,"12,700",2026/07/17
823,823,6923,スタンレー電気(株),東証PRM,"3,504",+7,0.2,"947,400",2026/07/17
824,824,7110,(株)クラシコム,東証GRT,"2,034",+4,0.2,"1,800",2026/07/17
825,825,7989,立川ブラインド工業(株),東証PRM,"2,532",+5,0.2,"33,200",2026/07/17
826,826,8185,(株)チヨダ,東証PRM,995,+2,0.2,"121,800",2026/07/17
827,827,8954,オリックス不動産投資法人,東証,"99,200",+200,0.2,"11,551",2026/07/17
828,828,9076,セイノーホールディングス(株),東証PRM,"2,704.5",+5.5,0.2,"395,700",2026/07/17
829,829,9887,(株)松屋フーズホールディングス,東証PRM,"5,010",+10,0.2,"47,400",2026/07/17
830,830,2019,GX 米国優先証券(隔月分配型),東証ETF,"1,053",+2,0.19,"5,246",2026/07/17
831,831,6149,(株)小田原エンジニアリング,東証STD,"2,098",+4,0.19,"39,000",2026/07/17
832,832,6535,(株)アイモバイル,東証PRM,527,+1,0.19,"610,100",2026/07/17
833,833,7421,カッパ・クリエイト(株),東証PRM,"1,549",+3,0.19,"49,300",2026/07/17
834,834,8141,新光商事(株),東証PRM,"1,605",+3,0.19,"139,400",2026/07/17
835,835,9248,人・夢・技術グループ(株),東証STD,"1,543",+3,0.19,"13,600",2026/07/17
836,836,133A,GX 超短期米国債,東証ETF,"1,103",+2,0.18,"107,265",2026/07/17
837,837,2015,iFreeETF 米国国債7-10年(H無),東証ETF,"2,206",+4,0.18,207,2026/07/17
838,838,3768,リスクモンスター(株),東証STD,560,+1,0.18,"1,800",2026/07/17
839,839,3958,笹徳印刷(株),東証STD,550,+1,0.18,"3,000",2026/07/17
840,840,5988,(株)パイオラックス,東証PRM,"1,667",+3,0.18,"117,600",2026/07/17
841,841,6197,(株)ソラスト,東証PRM,"1,113",+2,0.18,"66,800",2026/07/17
842,842,7039,ブリッジインターナショナルグループ(株),東証GRT,"1,716",+3,0.18,"6,400",2026/07/17
843,843,7674,(株)ＮＡＴＴＹ　ＳＷＡＮＫＹホールディングス,東証GRT,"2,801",+5,0.18,"12,100",2026/07/17
844,844,7740,(株)タムロン,東証PRM,"1,127",+2,0.18,"515,900",2026/07/17
845,845,7987,ナカバヤシ(株),東証STD,571,+1,0.18,"34,000",2026/07/17
846,846,8630,ＳＯＭＰＯホールディングス(株),東証PRM,"6,630",+12,0.18,"3,770,500",2026/07/17
847,847,9048,名古屋鉄道(株),東証PRM,"1,921",+3.5,0.18,"834,100",2026/07/17
848,848,2016,iFreeETF 米国国債7-10年(H有),東証ETF,"1,785",+3,0.17,89,2026/07/17
849,849,4250,(株)フロンティア,福岡Q,581,+1,0.17,100,2026/07/17
850,850,4718,(株)早稲田アカデミー,東証PRM,"2,425",+4,0.17,"14,600",2026/07/17
851,851,4801,セントラルスポーツ(株),東証PRM,"2,391",+4,0.17,"15,600",2026/07/17
852,852,5943,(株)ノーリツ,東証PRM,"2,341",+4,0.17,"66,400",2026/07/17
853,853,8091,ニチモウ(株),東証PRM,"2,316",+4,0.17,"18,000",2026/07/17
854,854,8255,アクシアル　リテイリング(株),東証PRM,"1,202",+2,0.17,"199,400",2026/07/17
855,855,1476,iシェアーズ・コア Ｊリート ETF,東証ETF,"1,903",+3,0.16,"127,529",2026/07/17
856,856,1678,(NEXT FUNDS)インド株式指数上場投信,東証ETF,320.3,+0.5,0.16,"796,350",2026/07/17
857,857,2747,北雄ラッキー(株),東証STD,"3,065",+5,0.16,300,2026/07/17
858,858,2961,日本調理機(株),東証STD,"6,310",+10,0.16,300,2026/07/17
859,859,4534,持田製薬(株),東証PRM,"3,115",+5,0.16,"51,600",2026/07/17
860,860,7133,ＨＹＵＧＡ　ＰＲＩＭＡＲＹ　ＣＡＲＥ(株),東証GRT,"1,248",+2,0.16,"3,900",2026/07/17
861,861,9075,福山通運(株),東証PRM,"6,100",+10,0.16,"178,200",2026/07/17
862,862,9332,ＮＩＳＳＯホールディングス(株),東証PRM,618,+1,0.16,"74,300",2026/07/17
863,863,2093,上場Tracers 米国債0-2年ラダー(H無),東証ETF,"5,416",+8,0.15,77,2026/07/17
864,864,2736,フェスタリアホールディングス(株),東証STD,678,+1,0.15,"4,000",2026/07/17
865,865,2902,太陽化学(株),名証MN,"2,645",+4,0.15,"1,400",2026/07/17
866,866,4069,(株)ＢｌｕｅＭｅｍｅ,東証GRT,673,+1,0.15,"9,600",2026/07/17
867,867,4704,トレンドマイクロ(株),東証PRM,"6,480",+10,0.15,"2,450,000",2026/07/17
868,868,5946,(株)長府製作所,東証PRM,"1,995",+3,0.15,"56,300",2026/07/17
869,869,7033,(株)マネジメントソリューションズ,東証PRM,"1,362",+2,0.15,"90,200",2026/07/17
870,870,8029,(株)ルックホールディングス,東証STD,"2,635",+4,0.15,"8,000",2026/07/17
871,871,2046,NEXT NOTES インドNifty･ダブル・ブル ETN,東証ETF,"25,235",+35,0.14,"3,741",2026/07/17
872,872,2224,(株)コモ,東証STD,"3,680",+5,0.14,"1,000",2026/07/17
873,873,3034,クオールホールディングス(株),東証PRM,"2,082",+3,0.14,"152,200",2026/07/17
874,874,3524,日東製網(株),東証STD,"1,434",+2,0.14,"3,100",2026/07/17
875,875,4503,アステラス製薬(株),東証PRM,"2,151",+3,0.14,"10,798,400",2026/07/17
876,876,4967,小林製薬(株),東証PRM,"5,527",+8,0.14,"161,300",2026/07/17
877,877,5742,エヌアイシ・オートテック(株),東証STD,721,+1,0.14,"2,500",2026/07/17
878,878,6630,ヤーマン(株),東証PRM,739,+1,0.14,"54,700",2026/07/17
879,879,8022,ミズノ(株),東証PRM,"3,680",+5,0.14,"270,700",2026/07/17
880,880,9955,(株)ヨンキュウ,東証STD,"2,776",+4,0.14,"1,500",2026/07/17
881,881,1482,iシェアーズ・コア 米国債7-10年ETF(H有),東証ETF,"1,553",+2,0.13,"27,078",2026/07/17
882,882,2311,(株)エプコ,東証STD,752,+1,0.13,"14,000",2026/07/17
883,883,2620,iシェアーズ 米国債1-3年,東証ETF,375.6,+0.5,0.13,"21,320",2026/07/17
884,884,2790,(株)ナフコ,東証STD,"2,273",+3,0.13,"15,700",2026/07/17
885,885,296A,令和アカウンティング・ホールディングス(株),東証GRT,751,+1,0.13,"58,800",2026/07/17
886,886,3293,アズマハウス(株),東証STD,767,+1,0.13,700,2026/07/17
887,887,3309,積水ハウス・リート投資法人,東証,"77,000",+100,0.13,"16,040",2026/07/17
888,888,5162,(株)朝日ラバー,東証STD,794,+1,0.13,"4,400",2026/07/17
889,889,7636,(株)ハンズマン,東証STD,783,+1,0.13,"5,700",2026/07/17
890,890,9039,(株)サカイ引越センター,東証PRM,"2,991",+4,0.13,"70,500",2026/07/17
891,891,9432,ＮＴＴ(株),東証PRM,151.1,+0.2,0.13,"286,935,100",2026/07/17
892,892,9679,ホウライ(株),東証STD,"2,306",+3,0.13,200,2026/07/17
893,893,1808,(株)長谷工コーポレーション,東証PRM,"2,812.5",+3.5,0.12,"829,700",2026/07/17
894,894,2012,iシェアーズ 米国債0-3カ月 ETF,東証ETF,245.9,+0.3,0.12,"228,550",2026/07/17
895,895,210A,iFreeETF 日経高利回りREIT指数,東証ETF,"1,610",+2,0.12,"38,892",2026/07/17
896,896,3150,(株)グリムス,東証PRM,"2,597",+3,0.12,"60,700",2026/07/17
897,897,4595,(株)ミズホメディー,東証STD,"1,662",+2,0.12,"90,600",2026/07/17
898,898,7115,(株)アルファパーチェス,東証STD,"1,670",+2,0.12,"7,200",2026/07/17
899,899,7362,(株)Ｔ．Ｓ．Ｉ,東証GRT,866,+1,0.12,600,2026/07/17
900,900,8908,(株)毎日コムネット,東証STD,870,+1,0.12,"22,000",2026/07/17
901,901,2186,ソーバル(株),東証STD,914,+1,0.11,"4,200",2026/07/17
902,902,4421,(株)ディ・アイ・システム,東証STD,946,+1,0.11,"1,200",2026/07/17
903,903,5033,(株)ヌーラボ,東証GRT,930,+1,0.11,"16,600",2026/07/17
904,904,2097,GX レジデンシャル・J-REIT,東証ETF,967,+1,0.1,"33,468",2026/07/17
905,905,2590,ダイドーグループホールディングス(株),東証PRM,"2,904",+3,0.1,"156,000",2026/07/17
906,906,2683,(株)魚喜,東証STD,"1,015",+1,0.1,"1,300",2026/07/17
907,907,295A,One ETF FTSE・サウジアラビア・インデックス,東証ETF,"9,939",+10,0.1,10,2026/07/17
908,908,5351,品川リフラ(株),東証PRM,"2,026",+2,0.1,"104,900",2026/07/17
909,909,5368,日本インシュレーション(株),東証STD,"1,001",+1,0.1,"11,700",2026/07/17
910,910,6539,(株)ＭＳ－Ｊａｐａｎ,東証PRM,982,+1,0.1,"80,300",2026/07/17
911,911,7681,(株)レオクラン,東証STD,960,+1,0.1,"3,200",2026/07/17
912,912,9242,メディア総研(株),東証GRT,"1,999",+2,0.1,"1,700",2026/07/17
913,913,9245,(株)リベロ,東証GRT,"1,960",+2,0.1,"5,400",2026/07/17
914,914,9307,(株)杉村倉庫,東証STD,"1,004",+1,0.1,"11,400",2026/07/17
915,915,9470,(株)学研ホールディングス,東証PRM,"1,013",+1,0.1,"86,400",2026/07/17
916,916,9476,(株)中央経済社ホールディングス,東証STD,"1,025",+1,0.1,200,2026/07/17
917,917,9888,(株)ＵＥＸ,東証STD,987,+1,0.1,"79,300",2026/07/17
918,918,1375,ユキグニファクトリー(株),東証PRM,"1,153",+1,0.09,"34,200",2026/07/17
919,919,2257,iシェアーズ 米ドル建て投資適格社債,東証ETF,227.7,+0.2,0.09,980,2026/07/17
920,920,3948,光ビジネスフォーム(株),東証STD,"1,131",+1,0.09,900,2026/07/17
921,921,7201,日産自動車(株),東証PRM,329.3,+0.3,0.09,"42,164,800",2026/07/17
922,922,7261,マツダ(株),東証PRM,"1,137",+1,0.09,"7,376,500",2026/07/17
923,923,8283,(株)ＰＡＬＴＡＣ,東証PRM,"6,607",+6,0.09,"532,800",2026/07/17
924,924,9325,ファイズホールディングス(株),東証STD,"1,111",+1,0.09,"6,400",2026/07/17
925,925,9536,西部ガスホールディングス(株),東証PRM,"2,318",+2,0.09,"67,700",2026/07/17
926,926,1349,ABF 汎アジア債券インデックス･ファンド,東証ETF,"17,965",+15,0.08,30,2026/07/17
927,927,1414,ショーボンドホールディングス(株),東証PRM,"1,272.5",+1,0.08,"959,000",2026/07/17
928,928,1766,東建コーポレーション(株),東証PRM,"12,920",+10,0.08,"15,500",2026/07/17
929,929,3271,(株)ＴＨＥグローバル社,東証STD,"1,271",+1,0.08,"1,800",2026/07/17
930,930,6027,弁護士ドットコム(株),東証PRM,"2,390",+2,0.08,"118,800",2026/07/17
931,931,6076,(株)アメイズ,福証,"1,240",+1,0.08,"7,000",2026/07/17
932,932,6436,アマノ(株),東証PRM,"3,788",+3,0.08,"284,600",2026/07/17
933,933,8282,(株)ケーズホールディングス,東証PRM,"1,776.5",+1.5,0.08,"515,400",2026/07/17
934,934,3199,綿半ホールディングス(株),東証PRM,"1,345",+1,0.07,"27,100",2026/07/17
935,935,7984,コクヨ(株),東証PRM,856.4,+0.6,0.07,"855,500",2026/07/17
936,936,4171,(株)グローバルインフォメーション,東証STD,"1,663",+1,0.06,"1,400",2026/07/17
937,937,4792,山田コンサルティンググループ(株),東証PRM,"1,700",+1,0.06,"17,000",2026/07/17
938,938,4848,(株)フルキャストホールディングス,東証PRM,"1,643",+1,0.06,"118,600",2026/07/17
939,939,5411,ＪＦＥホールディングス(株),東証PRM,"1,697.5",+1,0.06,"5,284,100",2026/07/17
940,940,6159,ミクロン精密(株),東証STD,"1,792",+1,0.06,"1,700",2026/07/17
941,941,9006,京浜急行電鉄(株),東証PRM,"1,589",+1,0.06,"1,034,000",2026/07/17
942,942,9556,ＩＮＴＬＯＯＰ(株),東証GRT,"1,767",+1,0.06,"44,500",2026/07/17
943,943,9633,東京テアトル(株),東証STD,"1,635",+1,0.06,"2,200",2026/07/17
944,944,1379,ホクト(株),東証PRM,"1,924",+1,0.05,"56,600",2026/07/17
945,945,2649,iシェアーズ 米国政府系機関ジニーメイMBS(H有),東証ETF,580.5,+0.3,0.05,310,2026/07/17
946,946,2883,(株)大冷,東証STD,"1,999",+1,0.05,"1,500",2026/07/17
947,947,382A,iFreeETF 米国国債3-5年(H有),東証ETF,"1,919",+1,0.05,23,2026/07/17
948,948,499A,ラグジュアリー厳選10 欧州株(ネットリターン)ETN,東証ETF,"9,333",+5,0.05,40,2026/07/17
949,949,1911,住友林業(株),東証PRM,"1,366",+0.5,0.04,"3,977,400",2026/07/17
950,950,2653,イオン九州(株),東証STD,"2,806",+1,0.04,"20,400",2026/07/17
951,951,4783,ＮＣＤ(株),東証STD,"2,451",+1,0.04,"24,100",2026/07/17
952,952,5280,ヨシコン(株),東証STD,"2,280",+1,0.04,"10,900",2026/07/17
953,953,571A,iシェアーズ 日本国債1-3年,東証ETF,502,+0.2,0.04,60,2026/07/17
954,954,7947,(株)エフピコ,東証PRM,"2,540",+1,0.04,"261,400",2026/07/17
955,955,9322,川西倉庫(株),東証STD,"2,430",+1,0.04,"5,400",2026/07/17
956,956,348A,MAXIS 読売333日本株,東証ETF,301.8,+0.1,0.03,"217,770",2026/07/17
957,957,9504,中国電力(株),東証PRM,931.3,+0.3,0.03,"1,606,500",2026/07/17
958,958,9508,九州電力(株),東証PRM,"1,767.5",+0.5,0.03,"1,914,600",2026/07/17
959,959,2856,iシェアーズ 米国債3-7年 ETF(H有),東証ETF,650.8,+0.1,0.02,"7,810",2026/07/17
960,960,4204,積水化学工業(株),東証PRM,"2,665",+0.5,0.02,"1,991,600",2026/07/17
961,961,572A,iシェアーズ 日本国債3-7年,東証ETF,504,+0.1,0.02,100,2026/07/17
962,962,8252,(株)丸井グループ,東証PRM,"2,964",+0.5,0.02,"829,400",2026/07/17
963,963,570A,iシェアーズ 日本国債0-1年,東証ETF,900.7,+0.1,0.01,"1,510",2026/07/17
